year,state,air_pollution_val,cancer_death_val,cardio_death_val,child_pov_val,choles_check_val,dent_vis_val,dentists_val,diabetes_val,drug_deaths_val,health_stat_fem_val,immun_child_val,income_ineq_val,infant_mort_val,infect_dis_val,obesity_val,phys_inac_val,prem_death_val,smoking_val,uninsured_val,all_determs_val,all_outcomes_val,chlamydia_val,prem_death_ri_val,teen_birth_val,primary_care_val
2009,Alabama,13.5,211.3,347.9,23.7,77.7,65.0,41.4,11.2,8.7,46.5,76.3,4.99,9.5,15.7,32.2,29.5,10654.0,22.1,11.9,-0.306,-0.23399999999999999,543.5,1.3,53.5,100.7
2009,Alaska,6.9,186.2,231.8,9.6,71.2,66.3,72.8,6.6,10.8,57.1,76.2,3.61,6.7,15.0,27.1,24.1,7814.0,21.5,19.0,-0.121,0.040999999999999995,718.5,2.2,44.3,112.3
2009,Arizona,10.5,168.4,228.1,26.2,71.9,68.2,51.0,7.7,15.1,54.8,79.2,4.3,6.6,16.6,25.6,23.2,7830.0,15.9,18.9,-0.037000000000000005,0.11699999999999999,273.5,1.7,62.0,91.4
2009,Arkansas,11.8,213.1,327.4,20.8,70.3,63.5,38.6,9.5,10.4,48.1,78.0,4.69,8.1,13.4,29.5,29.7,9928.0,22.3,17.0,-0.264,-0.14,351.1,1.4,62.3,98.5
2009,California,13.9,173.9,270.0,20.2,74.7,70.3,75.9,8.5,10.0,51.4,80.6,4.86,5.1,22.9,24.3,23.3,6339.0,14.0,18.4,0.134,0.14300000000000002,388.3,1.7,39.9,118.7
2009,Colorado,7.7,166.8,228.7,14.4,73.8,68.4,66.5,6.0,13.6,59.9,80.7,4.39,5.9,10.7,19.1,18.9,6216.0,17.6,16.1,0.40700000000000003,0.19899999999999998,353.5,1.4,43.8,116.1
2009,Connecticut,11.5,187.7,245.4,10.2,82.6,80.2,73.1,6.8,10.7,62.9,72.5,4.7,6.4,17.8,21.4,22.4,5942.0,15.9,9.7,0.525,0.261,327.0,1.6,23.5,160.9
2009,Delaware,13.9,206.7,281.7,13.6,80.6,76.8,44.2,8.2,9.3,57.3,73.0,4.11,7.9,23.7,27.8,24.1,8039.0,17.8,11.0,-0.098,0.02,402.3,1.4,41.9,111.6
2009,Florida,9.0,182.7,240.8,18.3,78.5,69.0,49.4,9.5,14.5,52.1,81.8,4.47,7.1,33.9,25.2,25.9,8137.0,17.5,20.1,-0.122,-0.071,315.5,1.3,45.2,107.5
2009,Georgia,13.9,193.9,304.3,21.5,79.7,71.8,45.2,9.8,9.1,52.9,72.7,4.75,8.0,27.3,27.8,23.1,8421.0,19.5,17.7,-0.40399999999999997,-0.062,449.6,1.3,54.2,101.2
2009,Hawaii,4.8,159.0,220.0,14.3,73.0,75.3,77.9,8.2,8.8,49.9,78.3,4.1,6.1,18.2,23.1,19.6,6429.0,15.4,7.7,0.596,0.28800000000000003,430.4,1.0,40.5,149.4
2009,Idaho,7.5,176.9,250.9,17.2,66.7,69.4,58.8,7.0,8.7,57.9,65.9,3.79,6.8,4.4,25.2,21.1,6670.0,16.9,14.7,0.34700000000000003,0.168,248.2,1.0,39.2,78.1
2009,Illinois,13.2,200.1,284.7,19.3,74.4,68.8,62.9,8.3,9.6,53.2,78.1,4.62,7.0,16.7,26.9,28.0,7076.0,21.3,13.1,-0.109,0.067,431.6,1.9,39.5,129.1
2009,Indiana,13.2,208.4,300.5,23.3,73.6,68.3,45.8,9.5,11.3,49.2,78.4,4.24,7.8,9.3,27.0,27.7,8155.0,26.0,11.9,-0.201,0.004,326.4,1.5,43.5,101.8
2009,Iowa,10.5,191.5,264.1,13.8,72.7,73.4,50.9,7.0,6.1,57.0,77.3,4.07,5.3,6.8,26.7,25.0,6092.0,18.8,9.4,0.237,0.259,249.1,1.5,32.9,83.9
2009,Kansas,9.9,192.5,270.9,17.1,72.3,71.9,49.0,8.1,9.5,55.8,78.2,4.13,7.5,7.9,28.1,25.5,7365.0,17.9,12.4,0.121,0.114,294.7,1.6,42.0,101.2
2009,Kentucky,13.1,227.0,322.3,24.4,75.5,64.3,55.1,9.8,16.4,46.8,76.8,5.06,7.1,11.2,30.3,30.5,9224.0,25.2,14.8,-0.257,-0.19,207.4,1.2,54.6,104.2
2009,Louisiana,11.3,220.1,334.8,23.3,75.3,69.8,46.6,10.6,16.5,47.1,83.0,5.14,9.5,27.9,29.0,29.8,11082.0,20.5,19.3,-0.36200000000000004,-0.18100000000000002,451.0,1.5,53.9,116.1
2009,Maine,9.4,210.4,250.1,17.1,81.3,71.4,49.1,8.2,12.2,60.5,76.2,4.31,6.3,7.1,25.9,22.8,6852.0,18.2,9.6,0.439,0.12,192.9,1.0,25.8,129.3
2009,Maryland,12.6,197.5,286.3,10.0,81.1,72.6,71.2,8.6,12.6,58.3,82.6,4.18,8.0,39.9,26.7,24.0,7784.0,14.9,12.9,0.282,0.008,412.0,1.6,33.6,179.7
2009,Massachusetts,9.6,195.5,237.8,17.1,84.6,79.3,76.0,7.1,13.6,62.0,83.9,4.97,4.8,14.5,21.5,22.1,5734.0,16.1,5.4,0.63,0.267,250.3,1.4,21.3,190.0
2009,Michigan,12.1,201.1,312.7,19.1,78.3,76.0,59.1,9.0,11.3,53.5,76.8,4.53,7.7,11.0,29.5,25.1,7558.0,20.5,11.7,-0.087,0.028999999999999998,370.9,1.8,33.8,114.2
2009,Minnesota,8.6,181.2,206.3,15.6,76.2,75.3,60.1,5.9,6.0,61.7,77.4,4.12,5.4,9.9,25.2,18.1,5500.0,17.6,8.5,0.47700000000000004,0.341,237.5,2.6,27.9,139.5
2009,Mississippi,11.4,217.7,373.7,23.5,73.0,59.4,39.2,11.3,10.6,44.8,76.5,5.32,10.3,17.9,33.4,32.5,11485.0,22.7,18.3,-0.479,-0.31,743.0,1.4,68.4,81.6
2009,Missouri,11.9,206.3,309.0,18.7,74.1,62.6,45.6,9.1,11.9,52.6,76.0,4.36,7.4,11.3,29.1,27.6,8413.0,25.0,12.6,-0.185,-0.053,396.5,1.6,45.7,107.0
2009,Montana,7.7,190.7,240.6,19.3,71.4,65.9,53.7,6.4,11.1,56.0,65.5,4.19,6.1,4.9,24.3,23.1,7615.0,18.5,15.9,0.139,0.04,286.9,2.3,39.6,101.8
2009,Nebraska,8.0,187.3,248.5,16.2,73.8,71.3,62.2,7.7,5.0,56.7,74.8,4.04,6.2,8.9,27.2,24.6,6391.0,18.4,12.6,0.217,0.264,289.2,2.6,33.4,116.5
2009,Nevada,9.0,194.0,299.0,16.5,70.6,63.7,49.0,8.5,18.7,47.4,70.1,3.89,6.4,18.3,25.6,27.6,8424.0,22.2,18.0,-0.451,-0.035,370.9,1.2,55.8,86.8
2009,New Hampshire,8.8,196.2,246.1,8.6,80.9,76.7,61.8,7.2,11.9,62.2,85.0,4.05,5.7,6.4,24.9,21.5,5686.0,17.1,10.3,0.645,0.24100000000000002,122.1,,18.7,127.0
2009,New Jersey,12.8,194.3,271.2,13.8,81.4,75.9,80.0,8.4,9.1,54.1,72.8,4.54,5.3,23.1,23.6,26.9,6538.0,14.8,14.9,0.244,0.16,247.9,1.8,24.9,144.1
2009,New Mexico,6.5,170.1,237.8,25.9,69.5,65.9,43.7,7.8,21.8,47.7,79.1,4.77,6.0,9.6,25.7,23.9,8535.0,19.4,23.1,-0.096,0.025,480.2,1.5,64.1,113.7
2009,New York,11.5,178.3,294.9,20.3,79.5,74.2,73.8,8.4,7.4,53.3,76.2,5.29,5.6,33.4,25.1,26.4,6156.0,16.8,13.6,0.021,0.213,418.3,1.6,25.7,169.4
2009,North Carolina,12.6,202.6,287.0,19.4,78.0,68.5,45.4,9.3,11.7,51.9,72.4,4.5,8.3,19.5,29.5,24.6,8356.0,20.9,15.9,-0.168,-0.038,337.8,1.5,49.7,115.6
2009,North Dakota,5.6,184.4,250.5,17.2,72.7,74.0,49.3,7.5,2.9,57.3,74.2,4.29,6.6,3.0,27.8,25.6,6529.0,18.1,10.9,0.22899999999999998,0.182,261.8,2.9,26.5,122.7
2009,Ohio,13.4,210.2,301.8,21.0,74.3,72.1,50.8,9.9,12.7,54.1,82.9,4.48,7.7,9.9,29.3,26.0,7776.0,20.1,11.6,-0.053,-0.031,413.7,1.5,40.0,118.9
2009,Oklahoma,10.5,208.4,345.1,21.8,71.3,57.9,48.4,10.1,16.3,48.4,73.6,4.55,8.3,13.0,31.0,31.5,9605.0,24.7,15.9,-0.40399999999999997,-0.16699999999999998,377.9,1.2,59.6,80.7
2009,Oregon,8.1,194.4,246.3,14.3,71.0,71.4,66.6,6.9,12.3,58.0,72.3,4.45,5.6,11.2,25.0,19.0,6693.0,16.3,16.5,0.327,0.20199999999999999,262.8,1.3,35.7,124.9
2009,Pennsylvania,13.9,203.7,288.7,15.4,77.4,71.0,59.0,8.8,13.4,52.4,80.4,4.62,7.6,17.8,28.4,25.7,7723.0,21.3,9.7,-0.046,0.025,341.6,1.8,31.0,127.7
2009,Rhode Island,10.1,194.1,277.9,19.3,80.6,79.0,53.4,7.4,14.5,58.2,79.5,5.0,6.7,14.0,22.1,24.2,6256.0,17.4,11.3,0.39899999999999997,0.158,300.3,1.2,27.8,169.6
2009,South Carolina,12.6,203.5,291.5,19.8,79.4,67.7,45.3,10.1,11.7,51.2,78.8,4.74,8.5,23.4,30.7,27.2,9513.0,20.0,16.1,-0.363,-0.124,599.7,1.4,53.0,105.9
2009,South Dakota,7.5,185.6,247.8,20.0,73.0,72.6,48.8,6.5,4.9,59.4,80.8,4.02,6.7,4.9,28.1,26.9,7074.0,17.5,11.3,0.298,-0.003,329.1,3.0,40.2,107.5
2009,Tennessee,13.0,215.3,326.4,21.6,79.6,66.8,48.7,10.3,15.4,46.4,83.1,4.61,8.5,18.0,31.2,28.9,9638.0,23.1,14.7,-0.29,-0.179,436.4,1.4,54.7,122.0
2009,Texas,11.0,183.7,281.4,23.1,70.7,62.6,45.6,9.7,9.2,46.3,78.6,4.83,6.3,22.9,28.9,28.5,7485.0,18.5,25.1,-0.359,0.049,358.9,1.4,63.1,95.0
2009,Utah,10.5,142.0,223.4,8.8,65.9,72.7,64.2,6.1,20.1,60.9,78.1,3.64,5.1,4.8,23.1,19.8,6209.0,9.3,13.0,0.743,0.257,216.3,1.7,34.0,87.9
2009,Vermont,8.1,189.7,241.1,9.8,76.5,75.4,56.3,6.4,10.3,62.6,74.4,4.0,5.3,4.3,23.3,19.4,6084.0,16.8,10.2,0.8290000000000001,0.226,170.1,,20.8,168.8
2009,Virginia,12.1,197.1,272.3,14.8,79.6,75.1,58.1,7.9,8.1,58.2,73.2,4.62,7.4,14.8,25.8,23.6,7000.0,16.4,13.6,0.225,0.057,318.7,1.5,35.2,125.0
2009,Washington,9.1,187.3,248.1,13.2,73.2,73.3,68.4,6.9,13.9,57.0,77.7,4.16,4.8,12.1,26.0,19.3,6062.0,15.7,11.8,0.32799999999999996,0.207,290.4,1.7,33.4,125.0
2009,West Virginia,13.6,221.6,329.8,21.8,77.9,60.6,45.7,11.9,17.6,43.5,78.0,4.9,7.4,10.0,31.9,31.1,9790.0,26.5,14.6,-0.23,-0.23,174.8,1.2,44.9,104.7
2009,Wisconsin,11.3,192.7,258.3,13.1,76.5,73.2,51.8,7.2,10.4,57.1,83.6,3.94,6.4,5.8,26.1,22.0,6268.0,19.9,8.9,0.377,0.159,349.1,2.0,30.9,120.0
2009,Wyoming,5.3,184.3,258.1,12.8,73.4,67.9,49.5,7.3,9.2,56.3,67.6,3.96,7.2,4.1,25.2,24.4,8257.0,19.4,13.6,0.193,0.131,228.9,2.4,47.3,89.6
2009,United States,11.7,191.5,278.2,19.0,74.8,71.3,58.5,8.2,11.2,52.9,78.2,4.69,6.7,19.6,26.7,24.6,7442.0,18.4,15.3,,,367.5,1.6,41.9,120.6
2009,District of Columbia,11.7,211.1,330.8,29.0,85.0,72.5,93.8,7.9,14.5,61.7,78.6,6.6,12.2,152.8,22.3,21.2,,16.2,9.8,,,1024.8,3.8,48.4,320.0
2010,Alabama,12.5,211.7,339.0,25.8,79.3,65.0,41.5,12.2,10.9,46.7,92.55,5.1,9.7,15.1,31.6,31.0,10498.0,22.5,14.4,-0.27399999999999997,-0.217,531.1,1.3,54.1,100.5
2010,Alaska,7.3,192.0,225.3,15.3,71.2,66.3,74.9,5.8,13.1,57.2,85.85,3.75,6.2,12.7,25.4,22.4,8044.0,20.6,18.8,-0.043,0.051,708.3,2.2,44.7,112.6
2010,Arizona,10.0,166.7,218.3,31.3,74.0,68.3,52.7,8.4,14.9,52.5,89.13,4.49,6.6,14.6,25.9,19.0,7492.0,16.1,19.5,-0.086,0.077,273.5,1.7,61.2,91.7
2010,Arkansas,11.4,212.4,320.6,25.7,74.1,63.5,38.8,10.1,11.4,48.7,83.65,4.73,7.5,12.7,31.5,29.8,9786.0,21.5,18.5,-0.45899999999999996,-0.132,495.1,1.4,61.7,98.6
2010,California,15.2,173.3,262.0,21.0,74.5,70.3,76.4,9.1,10.5,50.4,88.83,4.84,5.1,20.0,25.5,22.1,6249.0,12.9,19.3,0.075,0.147,404.8,1.6,39.7,118.8
2010,Colorado,7.4,163.9,217.0,18.2,75.9,68.5,66.0,5.7,14.3,60.4,84.95,4.41,6.2,9.6,19.0,17.7,6155.0,17.1,15.6,0.33399999999999996,0.187,388.3,1.4,43.4,116.0
2010,Connecticut,10.6,185.7,241.4,10.0,82.7,80.3,73.0,6.6,11.5,62.2,94.08,4.79,6.3,17.1,21.0,21.6,5876.0,15.4,11.0,0.637,0.22,357.6,1.6,23.1,162.7
2010,Delaware,12.6,205.0,262.2,19.0,81.3,76.9,44.4,8.1,11.6,59.5,89.83,4.29,7.9,19.6,27.6,21.9,7684.0,18.3,12.1,-0.087,0.049,443.0,1.3,40.6,110.6
2010,Florida,8.3,182.3,231.4,21.0,81.9,69.1,49.4,9.8,15.4,53.7,91.93,4.43,7.1,30.7,26.5,24.7,8078.0,17.1,21.2,-0.124,-0.069,387.5,1.3,45.5,108.0
2010,Georgia,12.9,190.5,292.1,23.3,78.8,71.8,45.5,9.5,9.6,53.0,90.63,4.89,8.0,24.5,27.7,24.2,8324.0,17.7,19.2,-0.209,-0.011000000000000001,440.1,1.3,54.9,99.8
2010,Hawaii,6.7,158.9,214.3,18.9,76.9,75.4,76.9,8.4,8.7,48.6,86.05,4.16,6.0,17.9,22.9,19.6,6391.0,15.4,8.0,0.528,0.29,430.4,1.0,41.3,148.5
2010,Idaho,8.2,175.8,238.3,19.7,69.4,69.5,59.4,7.9,9.4,56.4,90.28,3.91,6.3,3.6,25.1,21.0,6628.0,16.3,15.4,0.419,0.135,275.2,1.0,41.4,76.1
2010,Illinois,12.5,199.7,276.3,19.5,75.6,68.9,63.5,8.1,10.3,53.4,89.48,4.75,6.9,16.1,27.4,23.6,6979.0,18.6,13.9,-0.036000000000000004,0.066,458.6,1.8,40.0,129.5
2010,Indiana,13.4,208.2,291.0,26.3,75.7,68.3,45.7,9.3,12.4,48.5,87.33,4.25,7.3,8.6,30.0,27.2,7889.0,23.1,13.2,-0.295,-0.013999999999999999,347.4,1.5,45.2,101.8
2010,Iowa,10.5,191.0,258.3,14.7,75.4,73.4,50.9,7.6,6.8,57.7,93.3,4.22,5.6,7.0,28.5,24.2,6214.0,17.2,10.4,0.247,0.255,249.1,1.5,33.2,84.0
2010,Kansas,9.7,189.6,265.2,18.0,75.0,71.9,48.7,8.5,9.2,56.9,91.28,4.31,7.6,6.2,28.8,23.2,7245.0,17.8,12.7,0.154,0.091,328.6,1.6,43.7,102.5
2010,Kentucky,12.6,225.1,311.5,22.4,78.2,64.4,54.3,11.5,17.2,45.9,91.2,5.04,6.8,10.0,32.4,29.7,9059.0,25.6,16.1,-0.262,-0.161,284.9,1.2,55.1,103.9
2010,Louisiana,10.2,215.3,318.9,19.5,77.2,69.8,46.3,11.0,16.6,48.1,93.15,5.21,9.1,23.8,33.9,28.6,10579.0,22.1,18.0,-0.435,-0.21100000000000002,513.7,1.4,55.9,115.8
2010,Maine,8.8,204.2,242.1,17.1,82.6,71.5,48.5,8.3,12.1,58.7,90.38,4.23,5.9,6.1,26.4,21.2,6651.0,17.3,10.3,0.483,0.141,198.1,1.0,26.9,127.7
2010,Maryland,12.1,196.4,281.8,12.3,83.2,72.6,70.9,9.3,12.7,58.0,92.33,4.34,8.0,32.8,26.8,23.8,7805.0,15.2,13.0,0.268,-0.001,437.9,1.5,34.4,179.4
2010,Massachusetts,9.4,192.9,232.7,16.7,83.9,79.3,76.6,7.9,13.6,62.1,93.35,5.07,5.0,13.6,21.8,20.9,5757.0,15.0,5.0,0.617,0.27399999999999997,269.4,1.4,22.1,191.3
2010,Michigan,11.2,199.7,306.5,20.7,79.6,76.0,59.6,9.3,12.2,53.6,93.7,4.63,7.7,9.5,30.3,23.6,7631.0,19.6,12.7,0.024,0.01,449.1,1.8,34.2,115.2
2010,Minnesota,8.9,182.4,197.2,17.4,77.0,75.3,59.6,6.3,6.6,62.6,92.2,4.2,5.8,8.7,25.4,15.8,5382.0,16.8,8.7,0.517,0.297,237.5,2.5,28.6,139.5
2010,Mississippi,10.8,218.3,366.4,31.9,74.7,59.5,39.7,11.6,11.2,45.7,91.6,5.24,10.0,17.2,35.4,32.3,11096.0,23.3,17.7,-0.479,-0.264,723.2,1.3,71.9,81.9
2010,Missouri,11.8,204.2,301.9,23.8,73.5,62.7,45.9,7.9,12.8,53.8,86.03,4.47,7.4,10.4,30.6,26.7,8107.0,23.1,14.0,-0.26899999999999996,-0.042,419.8,1.6,45.7,106.6
2010,Montana,8.0,184.4,237.6,21.0,72.0,66.0,58.2,6.7,12.4,57.2,85.43,4.33,6.6,3.2,23.7,22.0,7561.0,16.8,15.8,0.20800000000000002,0.028999999999999998,320.5,2.2,36.8,101.4
2010,Nebraska,8.1,187.2,241.6,13.6,73.8,71.3,62.2,7.4,5.1,56.4,91.08,4.16,6.1,8.0,28.1,24.2,6511.0,16.7,11.7,0.35200000000000004,0.179,312.5,2.4,36.1,118.0
2010,Nevada,9.0,192.7,283.8,17.9,75.9,63.7,50.4,7.9,19.0,55.4,83.83,4.01,5.9,16.7,26.4,24.4,8354.0,22.0,19.8,-0.46799999999999997,-0.055999999999999994,371.9,1.2,55.3,86.2
2010,New Hampshire,8.4,191.9,235.2,10.5,82.7,76.8,61.7,7.1,11.4,61.6,92.03,4.16,4.7,5.6,26.3,21.2,5792.0,15.8,10.4,0.642,0.237,122.1,,20.0,129.8
2010,New Jersey,11.1,193.0,263.2,12.8,82.2,75.9,80.5,8.7,8.6,55.2,88.35,4.77,5.4,19.4,23.9,26.2,6152.0,15.8,14.9,0.307,0.175,258.0,1.8,25.2,143.1
2010,New Mexico,6.1,170.0,229.8,29.2,71.9,66.0,44.0,8.6,24.0,50.8,87.45,4.77,5.9,9.0,25.6,22.4,8656.0,17.9,22.7,-0.10800000000000001,0.039,466.8,1.5,66.1,113.5
2010,New York,10.7,177.6,289.6,25.0,81.9,74.2,72.6,8.8,8.7,53.0,89.78,5.41,5.5,32.4,24.6,26.4,6036.0,18.0,14.4,0.042,0.201,453.3,1.6,25.8,168.1
2010,North Carolina,11.6,199.8,275.2,24.5,78.3,68.5,45.4,9.6,12.2,49.8,91.4,4.73,8.3,15.5,30.1,26.4,8319.0,20.3,16.7,-0.12300000000000001,-0.051,406.8,1.4,49.9,116.0
2010,North Dakota,5.6,186.6,240.1,14.4,75.5,74.1,50.6,7.5,4.8,58.0,93.25,4.47,6.6,2.4,28.4,26.8,6540.0,18.6,11.3,0.365,0.122,261.8,2.8,29.3,123.6
2010,Ohio,13.1,208.7,291.8,18.7,77.4,72.2,50.9,10.1,14.1,52.6,89.2,4.6,7.7,8.9,29.8,26.4,7808.0,20.3,12.9,-0.039,-0.018000000000000002,410.2,1.5,41.3,118.9
2010,Oklahoma,10.5,208.5,336.1,20.3,74.5,57.9,49.0,11.0,16.9,46.9,91.3,4.56,7.9,13.4,32.0,31.4,9789.0,25.5,16.1,-0.318,-0.177,377.9,1.2,61.5,80.3
2010,Oregon,7.7,192.8,235.6,18.3,73.9,71.4,67.1,8.2,12.8,61.0,87.78,4.39,5.5,10.0,23.6,17.7,6640.0,17.9,17.0,0.33399999999999996,0.175,283.5,1.3,35.9,126.5
2010,Pennsylvania,13.3,200.5,276.6,14.5,78.6,71.1,59.2,9.0,14.0,53.5,87.78,4.6,7.5,16.8,28.1,25.7,7513.0,20.2,10.6,0.009000000000000001,0.039,339.3,1.7,31.5,127.2
2010,Rhode Island,9.4,192.5,266.0,22.2,83.6,79.0,54.0,7.0,15.5,58.1,92.1,4.96,6.6,13.8,24.9,24.9,6298.0,15.1,12.0,0.406,0.142,315.7,1.2,30.0,169.2
2010,South Carolina,11.7,201.4,279.2,17.6,79.0,67.7,46.4,10.3,12.6,49.8,90.5,4.89,8.3,20.0,30.1,26.2,9521.0,20.4,16.4,-0.297,-0.099,587.6,1.4,53.6,104.3
2010,South Dakota,7.2,180.8,236.8,18.4,73.7,72.6,50.9,7.2,5.4,59.6,91.93,4.2,7.4,4.6,30.3,24.5,6641.0,17.5,13.0,0.28,0.018000000000000002,367.6,2.9,42.2,109.4
2010,Tennessee,12.0,212.5,315.7,23.1,81.3,66.8,48.4,10.2,15.6,51.3,94.1,4.79,8.2,17.3,32.9,31.0,9366.0,22.0,15.2,-0.244,-0.155,451.1,1.4,56.2,121.2
2010,Texas,10.7,182.8,272.2,25.6,71.9,62.6,45.8,9.3,9.2,48.5,88.75,4.87,6.2,20.4,29.5,27.3,7540.0,17.9,25.6,-0.41600000000000004,0.049,414.6,1.2,64.2,95.4
2010,Utah,10.5,137.4,215.2,13.9,67.5,72.7,65.3,6.1,20.0,60.2,89.55,3.71,4.9,4.2,24.0,17.7,6325.0,9.8,14.0,0.6,0.204,220.0,1.8,36.1,87.4
2010,Vermont,7.6,190.6,235.1,12.0,77.9,75.5,56.9,6.2,11.3,63.1,89.83,4.23,4.8,3.6,23.4,20.2,5836.0,17.1,9.6,0.863,0.253,191.5,,22.0,170.7
2010,Virginia,11.2,195.5,264.9,14.8,80.7,75.2,58.7,8.2,8.6,59.1,86.68,4.6,7.3,13.0,25.5,21.9,7125.0,19.0,12.7,0.233,0.027999999999999997,401.8,1.5,35.1,125.1
2010,Washington,9.4,187.0,241.7,18.0,72.8,73.3,68.6,7.7,14.5,56.1,88.63,4.29,5.1,11.1,26.9,19.5,6080.0,14.9,12.6,0.342,0.20199999999999999,326.8,1.8,34.8,124.6
2010,West Virginia,12.8,220.0,321.2,21.2,80.4,60.7,46.1,12.3,22.6,45.6,86.23,4.85,7.6,9.5,31.7,33.2,10169.0,25.6,14.5,-0.22399999999999998,-0.191,182.8,1.2,47.4,105.4
2010,Wisconsin,11.1,192.5,250.5,15.5,76.8,73.3,52.6,8.2,10.8,58.5,93.53,4.17,6.7,5.0,29.2,22.0,6479.0,18.8,9.6,0.297,0.157,373.1,1.9,32.2,120.6
2010,Wyoming,5.2,182.2,254.2,10.5,75.4,68.0,48.5,6.9,12.1,57.6,90.73,3.97,7.2,3.5,25.4,22.5,8412.0,19.9,14.7,0.32,0.084,296.1,2.7,51.9,92.7
2010,United States,11.4,190.8,270.4,20.7,76.9,71.3,58.6,8.3,11.9,53.2,89.78,4.79,6.7,17.5,26.9,23.8,7376.0,17.9,16.0,,,398.1,1.5,42.5,120.5
2010,District of Columbia,12.4,212.8,328.7,31.3,85.3,72.6,93.2,7.5,13.3,62.4,88.65,6.96,11.9,131.1,20.1,19.6,11342.0,15.3,11.2,,,1169.9,3.8,49.9,328.1
2011,Nebraska,8.2,184.2,239.3,13.9,73.8,69.5,62.9,7.7,5.3,57.4,92.4,4.18,5.4,14.1,27.5,24.7,6418.0,17.2,12.2,0.233,0.18100000000000002,303.0,2.0,36.5,119.6
2011,United States,10.8,190.7,264.9,21.5,76.9,70.1,59.1,8.7,12.0,53.2,90.25,4.83,6.5,10.3,27.5,23.9,7279.0,17.3,16.2,,,405.3,1.5,41.5,121.0
2011,Washington,9.6,189.5,239.4,16.1,72.8,72.1,69.7,7.6,14.7,55.8,88.63,4.36,5.2,9.1,26.2,18.3,6163.0,15.2,13.2,0.25,0.193,320.9,1.8,34.6,124.6
2011,Maine,8.2,201.7,239.2,17.8,82.6,68.7,48.6,8.7,12.4,58.2,89.13,4.35,5.6,6.2,27.4,22.5,6489.0,18.2,9.7,0.425,0.151,184.4,1.0,26.1,129.3
2011,Alaska,6.3,194.3,219.3,15.6,71.2,69.4,74.8,5.3,15.5,59.2,87.43,4.32,6.3,25.1,25.2,22.0,7786.0,20.4,17.6,-0.22,0.052000000000000005,739.6,2.2,46.8,111.5
2011,California,15.1,172.9,250.4,23.0,74.5,69.6,77.2,8.6,10.9,52.0,88.05,4.97,5.0,8.5,24.7,20.4,6015.0,12.1,19.4,0.115,0.151,397.2,1.6,38.4,119.0
2011,Georgia,12.0,193.4,285.2,24.7,78.8,70.2,45.8,9.7,10.0,51.8,92.28,4.92,7.7,12.0,30.4,25.1,8148.0,17.6,19.9,-0.212,-0.063,405.2,1.3,51.8,100.2
2011,Connecticut,9.9,178.3,239.2,11.3,82.7,81.6,72.5,7.3,11.3,60.8,95.98,4.91,5.8,3.6,23.0,20.7,5768.0,13.2,11.1,0.758,0.252,344.7,1.5,22.9,164.0
2011,Illinois,11.8,199.8,269.3,20.6,75.6,69.7,64.6,8.7,10.2,53.0,91.3,4.72,7.0,11.1,28.7,25.7,7049.0,16.9,14.5,0.018000000000000002,0.08,468.9,1.8,38.1,129.6
2011,Massachusetts,8.9,191.2,231.1,12.6,83.9,81.7,77.8,7.4,12.7,61.7,93.68,5.34,5.1,13.5,23.6,20.6,5481.0,14.1,5.0,0.597,0.31,292.9,1.4,20.1,191.9
2011,West Virginia,11.9,219.7,320.1,20.3,80.4,60.5,46.8,11.7,20.0,43.9,91.0,4.79,7.7,2.3,32.9,32.9,9865.0,26.8,13.6,-0.16399999999999998,-0.248,198.0,1.2,48.8,107.2
2011,New Jersey,9.8,188.8,258.4,12.8,82.2,76.0,81.5,9.2,6.4,53.6,86.9,4.92,5.3,6.3,24.8,26.6,6089.0,14.4,15.0,0.316,0.179,275.3,1.7,24.5,142.8
2011,Colorado,7.0,164.1,213.3,18.5,75.9,68.0,66.8,6.0,15.0,61.1,89.7,4.64,6.2,7.3,21.4,18.2,6299.0,16.0,13.8,0.384,0.17,398.0,1.5,42.5,116.7
2011,Arkansas,10.9,216.4,316.5,21.8,74.1,61.1,39.4,9.6,12.1,47.4,89.65,4.65,7.5,18.8,30.9,29.8,10017.0,22.9,18.9,-0.473,-0.15,496.8,1.3,61.8,99.5
2011,North Carolina,10.8,196.6,273.0,27.6,78.3,68.4,45.8,9.8,12.4,51.0,93.15,4.67,8.1,7.0,28.6,25.7,8116.0,19.8,17.4,-0.019,-0.049,437.5,1.4,49.4,115.6
2011,Wisconsin,10.5,189.4,246.5,12.7,76.8,75.1,52.8,7.1,11.0,59.9,91.35,4.21,6.5,4.8,26.9,22.8,6295.0,19.1,9.2,0.307,0.16899999999999998,369.7,1.9,31.3,121.0
2011,Mississippi,10.3,217.3,357.4,33.7,74.7,58.1,40.4,12.4,10.9,43.9,92.68,5.14,10.0,10.5,34.5,33.0,10976.0,22.9,19.2,-0.513,-0.31,799.1,1.5,65.7,82.2
2011,Delaware,11.6,203.4,258.1,17.5,81.3,74.2,44.9,8.7,13.6,56.8,91.78,4.4,8.1,4.9,28.7,23.9,8122.0,17.3,12.1,-0.055999999999999994,0.024,533.0,1.3,40.4,108.2
2011,Arizona,9.3,170.9,210.3,27.3,74.0,70.1,53.6,9.0,15.4,53.1,88.68,4.44,6.2,9.7,24.7,22.0,7086.0,13.5,19.0,0.016,0.035,394.2,1.8,56.2,92.6
2011,Hawaii,8.6,156.6,211.0,18.9,76.9,72.6,77.1,8.3,9.8,48.3,90.15,4.41,5.8,6.2,23.1,19.2,6108.0,14.5,7.5,0.621,0.318,430.4,1.1,42.1,148.6
2011,Iowa,10.2,188.9,258.4,12.5,75.4,76.0,51.2,7.5,7.1,56.8,91.85,4.14,5.1,11.3,29.1,24.8,6484.0,16.1,11.6,0.154,0.247,249.1,1.5,33.9,84.2
2011,Maryland,11.5,193.0,278.5,13.6,83.2,75.5,71.0,9.3,12.6,55.9,90.08,4.42,7.6,9.8,27.9,23.1,7441.0,15.2,13.2,0.253,0.016,416.7,1.5,32.8,179.6
2011,Indiana,13.1,207.8,285.4,25.2,75.7,68.8,46.4,9.8,13.2,50.6,89.43,4.27,7.4,7.8,30.2,26.5,7917.0,21.2,13.6,-0.28600000000000003,-0.005,338.3,1.5,43.7,102.5
2011,Rhode Island,8.7,190.9,261.5,20.4,83.6,78.1,55.3,7.8,15.0,57.3,94.43,5.07,6.0,9.1,26.0,24.1,6280.0,15.7,11.7,0.397,0.153,343.2,1.2,28.5,168.2
2011,Vermont,7.1,191.6,230.5,13.5,77.9,75.6,55.9,6.8,10.1,62.1,91.2,4.39,5.4,3.1,23.9,17.9,5862.0,15.4,9.5,0.904,0.293,190.7,,21.3,170.3
2011,Missouri,10.9,204.0,298.3,20.5,73.5,64.3,46.5,9.4,13.3,50.8,87.45,4.59,7.2,17.3,31.4,27.2,8258.0,21.1,14.3,-0.285,-0.057,432.0,1.5,45.5,106.8
2011,Texas,10.4,182.4,267.8,26.5,71.9,61.7,46.3,9.7,9.3,48.1,89.0,4.8,6.1,18.4,31.7,26.6,7492.0,15.8,25.0,-0.539,0.032,427.4,1.2,63.4,95.6
2011,Virginia,10.4,194.1,256.9,12.3,80.7,78.4,59.1,8.7,8.7,58.4,90.28,4.73,7.0,7.0,26.4,23.3,6897.0,18.5,13.4,0.306,0.037000000000000005,392.0,1.5,33.5,126.8
2011,New Hampshire,7.8,192.1,231.1,6.2,82.7,76.7,62.6,7.9,11.9,62.9,95.7,4.07,4.4,6.8,25.5,19.9,5481.0,16.9,10.1,0.723,0.304,158.7,1.0,19.8,131.7
2011,Wyoming,5.2,177.2,249.2,12.0,75.4,69.0,48.4,7.2,12.2,58.6,90.73,4.23,6.5,4.8,25.7,22.2,8220.0,19.5,16.3,0.244,0.067,360.7,2.5,49.2,93.7
2011,Oregon,7.3,191.3,231.4,21.2,73.9,70.4,68.0,7.2,12.8,56.5,90.3,4.46,5.0,7.4,27.6,17.5,6489.0,15.1,16.8,0.316,0.159,300.5,1.3,37.2,126.9
2011,Alabama,11.5,214.1,333.0,24.2,79.3,64.7,41.5,8.7,12.5,43.5,92.6,5.17,8.9,13.6,33.0,31.1,10390.0,21.9,15.9,-0.342,-0.265,550.7,1.3,53.0,99.7
2011,Montana,7.7,179.5,236.5,19.2,72.0,61.1,59.5,7.0,13.8,58.4,83.25,4.27,6.4,8.5,23.5,21.6,7700.0,18.8,16.6,0.09,0.049,306.5,2.3,40.7,100.1
2011,Nevada,8.9,191.6,273.2,23.6,75.9,67.2,50.5,8.5,19.8,53.4,84.6,4.32,5.6,4.8,23.1,23.0,7956.0,21.3,21.0,-0.43700000000000006,-0.034,380.0,1.1,53.5,85.5
2011,Florida,7.8,183.1,222.9,22.3,81.9,66.4,49.9,10.4,16.2,53.3,94.65,4.57,7.0,8.8,27.2,24.0,7964.0,17.1,21.3,-0.012,-0.10800000000000001,393.4,1.3,42.8,109.7
2011,New York,9.7,179.9,285.9,24.1,81.9,72.5,73.1,8.9,8.5,55.1,87.78,5.35,5.4,9.5,24.5,23.9,5934.0,15.5,14.5,0.196,0.196,471.1,1.6,25.2,167.0
2011,Utah,9.6,138.9,211.1,12.9,67.5,74.3,64.9,6.5,19.9,59.8,86.55,3.9,5.0,10.0,23.0,17.9,5960.0,9.1,13.9,0.47,0.253,220.7,1.7,35.1,88.4
2011,New Mexico,5.8,167.9,222.3,27.6,71.9,67.2,45.7,8.5,24.1,50.4,87.35,4.96,5.4,7.9,25.6,21.6,8790.0,18.5,21.3,-0.166,0.024,472.4,1.6,64.1,113.9
2011,District of Columbia,11.4,202.0,306.8,33.5,85.3,75.3,91.9,8.3,8.6,59.3,92.38,6.78,10.3,27.5,22.7,21.4,11166.0,14.8,12.4,,,1092.1,3.9,50.9,330.2
2011,Michigan,10.1,198.9,303.2,20.4,79.6,72.5,59.7,10.1,13.1,53.2,92.9,4.61,7.4,9.2,31.7,23.6,7509.0,18.9,13.0,-0.025,-0.006999999999999999,458.5,1.8,33.2,117.8
2011,Oklahoma,10.2,209.2,330.7,25.0,74.5,57.2,49.6,10.4,18.5,47.3,86.6,4.53,7.5,5.8,31.3,29.9,10042.0,23.7,17.5,-0.475,-0.19399999999999998,377.9,1.2,61.6,81.7
2011,Idaho,8.6,176.8,233.1,18.9,69.4,69.3,59.0,7.9,10.2,55.4,85.28,4.11,5.7,5.7,26.9,20.0,6415.0,15.7,17.2,0.185,0.159,248.5,1.9,41.2,77.7
2011,South Dakota,7.1,180.9,236.6,15.5,73.7,73.5,50.1,6.9,5.9,60.5,90.7,4.24,7.5,8.3,27.7,24.7,6895.0,15.4,13.1,0.245,0.022000000000000002,371.1,2.8,40.0,110.5
2011,North Dakota,5.7,176.7,235.6,16.1,75.5,72.6,51.7,7.4,5.4,55.5,93.08,4.31,6.0,4.9,27.9,24.8,6564.0,17.4,11.7,0.35100000000000003,0.14300000000000002,261.8,2.8,28.6,126.9
2011,Kansas,9.3,188.6,260.3,23.1,75.0,72.9,49.2,8.4,9.7,57.2,91.5,4.34,7.1,7.8,30.1,24.0,7269.0,17.0,12.8,0.04,0.08900000000000001,372.9,1.6,45.6,102.4
2011,Pennsylvania,12.4,199.9,276.7,16.4,78.6,72.3,59.0,10.3,14.6,53.9,92.3,4.7,7.3,7.5,29.2,25.8,7410.0,18.4,11.0,0.099,0.028999999999999998,341.7,1.7,31.5,127.8
2011,South Carolina,11.0,202.3,276.4,25.7,79.0,63.4,46.6,10.7,12.8,51.6,92.0,4.81,7.6,8.0,32.0,27.8,9099.0,21.0,18.7,-0.397,-0.124,584.4,1.3,53.1,104.6
2011,Tennessee,11.1,214.3,310.4,23.6,81.3,66.3,47.8,11.3,15.3,51.0,93.05,4.81,8.1,9.5,31.7,29.9,9194.0,20.1,14.9,-0.19399999999999998,-0.12,471.9,1.3,55.6,122.4
2011,Kentucky,11.9,226.3,303.9,24.7,78.2,63.2,55.5,10.0,17.4,47.4,89.73,5.06,6.9,7.5,31.8,29.3,9005.0,24.8,15.4,-0.321,-0.157,308.1,1.1,55.6,104.2
2011,Minnesota,8.6,183.5,195.9,13.9,77.0,78.9,59.5,6.7,7.2,61.2,90.93,4.31,5.3,23.2,25.4,19.1,5499.0,14.9,8.9,0.442,0.314,237.5,2.5,27.2,140.3
2011,Louisiana,9.8,217.5,318.2,30.5,77.2,63.9,46.8,10.3,15.5,48.6,89.38,5.3,8.9,19.6,31.7,30.1,10331.0,22.1,17.2,-0.568,-0.249,615.0,1.4,54.1,117.9
2011,Ohio,12.5,208.6,287.6,22.9,77.4,71.5,51.0,10.1,13.3,53.3,91.9,4.59,7.7,11.9,29.7,26.1,7831.0,22.5,13.7,-0.19,-0.043,417.9,1.5,41.0,121.2
2012,Alabama,11.0,214.1,335.8,21.6,78.3,64.7,42.4,11.8,12.7,45.1,92.23,5.16,8.5,12.9,32.0,32.6,10496.0,24.3,14.3,-0.389,-0.319,565.7,1.2,43.6,97.9
2012,Alaska,6.0,195.0,222.3,14.8,67.8,69.4,76.9,7.9,15.9,50.3,88.7,3.83,5.3,8.2,27.4,22.0,7761.0,22.9,18.2,0.068,0.163,847.5,2.2,38.3,111.9
2012,Arizona,9.4,171.1,218.3,24.7,73.8,70.1,53.9,9.6,16.0,49.8,88.38,4.64,6.0,10.8,25.1,24.2,7107.0,19.3,18.2,0.006,0.1,358.0,1.9,41.9,95.7
2012,Arkansas,10.8,216.4,319.4,25.4,70.9,61.1,39.3,11.2,12.6,41.2,91.0,4.99,7.5,19.3,30.9,30.9,10098.0,27.0,18.0,-0.586,-0.28300000000000003,529.0,1.3,52.5,98.0
2012,California,15.3,172.3,241.3,24.0,75.5,69.6,77.0,8.9,11.0,51.4,90.78,5.21,4.8,17.0,23.8,19.1,6190.0,13.7,19.6,0.198,0.08199999999999999,403.8,1.5,31.5,118.2
2012,Colorado,6.7,164.3,202.6,15.5,74.7,68.0,67.6,6.7,14.3,57.6,86.8,4.65,6.1,11.1,20.7,16.5,6412.0,18.3,14.3,0.434,0.18600000000000003,386.7,1.5,33.4,118.3
2012,Connecticut,9.3,179.0,219.8,14.3,80.9,81.6,74.3,9.3,10.5,57.2,93.65,5.11,5.4,5.3,24.5,25.5,5943.0,17.1,9.9,0.5820000000000001,0.09699999999999999,353.9,1.5,18.7,157.9
2012,Delaware,11.0,202.8,251.1,22.3,81.2,74.2,45.3,9.7,15.3,54.1,87.55,4.27,7.8,4.3,28.8,27.0,8015.0,21.7,10.7,-0.146,-0.027999999999999997,497.1,1.3,30.5,108.8
2012,Florida,7.6,184.0,230.4,22.1,79.0,66.4,50.4,10.4,16.5,48.8,91.25,4.69,6.7,9.1,26.6,26.9,7893.0,19.3,20.2,-0.146,-0.022000000000000002,397.5,1.2,32.0,108.4
2012,Georgia,11.5,191.9,283.9,24.7,76.4,70.2,46.4,10.2,10.4,48.2,93.63,5.09,6.9,11.9,28.0,26.7,8391.0,21.2,19.3,-0.287,-0.083,466.0,1.2,41.4,102.3
2012,Hawaii,8.9,156.2,209.0,15.9,73.9,72.6,77.0,8.4,10.1,47.3,92.9,4.16,6.2,7.9,21.8,21.3,6763.0,16.8,7.8,0.662,0.32899999999999996,430.4,1.1,32.5,138.0
2012,Idaho,8.7,176.7,228.7,22.3,68.0,69.3,58.9,9.4,11.2,53.1,87.33,4.27,5.1,10.0,27.0,21.4,6773.0,17.2,18.0,0.249,0.07,268.4,1.8,33.0,77.5
2012,Illinois,11.7,199.2,260.2,19.6,73.1,69.7,64.1,9.7,10.4,49.5,90.28,4.89,6.8,13.7,27.1,25.1,7155.0,20.9,14.8,-0.027000000000000003,-0.079,472.9,1.7,33.0,130.4
2012,Indiana,13.1,209.0,278.3,23.6,72.8,68.8,46.4,10.2,13.9,48.3,89.35,4.43,7.7,11.7,30.8,29.2,8357.0,25.6,12.7,-0.293,-0.115,352.0,1.4,37.3,101.5
2012,Iowa,10.1,189.3,253.9,13.1,73.7,76.0,52.1,8.2,7.6,56.0,88.9,4.23,4.7,17.0,29.0,25.9,6632.0,20.4,11.1,0.18600000000000003,0.193,249.1,1.5,28.6,84.3
2012,Kansas,9.1,188.2,250.6,21.1,72.9,72.9,49.7,9.5,9.6,53.7,91.25,4.31,6.6,8.9,29.6,26.8,7581.0,22.0,13.1,0.027000000000000003,0.044000000000000004,336.5,1.6,39.3,101.7
2012,Kentucky,11.4,226.9,299.8,23.3,75.7,63.2,55.8,10.8,19.6,44.2,92.23,5.16,6.8,9.3,30.4,29.3,9790.0,29.0,14.6,-0.306,-0.29100000000000004,377.4,1.1,46.2,102.1
2012,Louisiana,9.5,219.2,318.5,30.5,74.1,63.9,47.6,11.8,13.7,44.9,93.1,5.74,8.2,16.9,33.4,33.8,10262.0,25.7,20.3,-0.713,-0.282,643.0,1.4,47.7,116.9
2012,Maine,7.8,203.5,223.3,17.7,80.5,68.7,48.3,9.6,11.7,54.9,90.38,4.59,5.5,6.7,27.8,23.0,6724.0,22.8,9.7,0.424,-0.02,194.7,1.0,21.4,130.0
2012,Maryland,10.9,191.4,261.3,11.3,81.6,75.5,69.9,9.5,11.8,55.3,92.83,4.53,7.0,8.8,28.3,26.2,7521.0,19.1,13.3,0.305,0.01,453.7,1.5,27.3,173.8
2012,Massachusetts,8.4,190.3,217.7,12.6,83.7,81.7,77.6,8.0,11.7,58.2,92.98,5.44,4.7,9.8,22.7,23.5,5894.0,18.2,4.5,0.684,0.11800000000000001,321.9,1.4,17.2,194.5
2012,Michigan,9.5,200.0,288.2,22.7,76.7,72.5,59.5,10.0,13.7,50.4,87.03,4.8,7.3,15.4,31.3,23.6,7807.0,23.3,12.7,-0.133,-0.09699999999999999,500.6,1.7,30.1,117.4
2012,Minnesota,8.2,184.9,186.9,13.3,76.7,78.9,59.6,7.3,7.5,59.7,93.23,4.35,4.6,24.3,25.7,21.9,5621.0,19.1,9.5,0.601,0.315,237.5,2.5,22.5,141.6
2012,Mississippi,10.0,219.9,358.6,24.4,71.3,58.1,40.7,12.4,11.1,41.8,88.2,5.2,9.9,11.2,34.9,36.0,11113.0,26.0,18.6,-0.7340000000000001,-0.309,721.8,1.4,55.0,81.4
2012,Missouri,10.3,204.5,291.0,23.1,74.0,64.3,46.5,10.2,14.9,48.7,86.45,4.61,6.9,16.8,30.3,28.4,8409.0,25.0,14.4,-0.266,-0.129,435.0,1.4,37.1,107.2
2012,Montana,7.6,178.3,228.6,25.1,69.6,61.1,59.7,8.0,13.7,54.4,85.33,4.31,5.9,10.2,24.6,24.4,7836.0,22.1,18.2,0.036000000000000004,0.031,311.5,2.3,35.0,97.9
2012,Nebraska,8.2,183.4,229.9,14.5,71.8,69.5,62.9,8.4,6.0,54.6,94.23,4.3,5.3,11.4,28.4,26.3,6520.0,20.0,12.8,0.376,0.16399999999999998,280.0,1.9,31.1,116.7
2012,Nevada,8.4,191.3,271.9,20.6,71.5,67.2,50.1,10.3,20.5,46.0,87.6,4.32,5.7,6.0,24.5,24.3,8159.0,22.9,22.0,-0.298,0.004,357.9,1.1,38.6,83.6
2012,New Hampshire,7.5,188.6,218.9,8.6,80.4,76.7,62.6,8.7,11.2,57.3,90.33,4.3,4.4,5.5,26.2,22.5,5840.0,19.4,11.3,0.657,0.131,187.0,1.0,15.7,133.0
2012,New Jersey,9.2,187.4,248.0,17.4,80.7,76.0,80.5,8.8,6.9,52.4,91.08,5.02,5.0,5.9,23.7,26.4,6173.0,16.8,15.5,0.515,0.099,297.3,1.7,20.1,137.7
2012,New Mexico,6.1,167.9,221.6,31.7,70.1,67.2,47.3,10.0,24.1,45.0,91.33,5.23,5.5,8.9,26.3,25.3,8385.0,21.5,20.5,-0.301,0.028999999999999998,568.5,1.6,53.0,111.5
2012,New York,9.2,179.5,274.9,22.6,79.7,72.5,72.4,10.5,8.2,50.6,88.83,5.54,5.2,9.7,24.5,26.3,6183.0,18.1,13.6,0.301,0.043,515.6,1.5,22.7,160.2
2012,North Carolina,10.0,196.0,262.5,23.9,78.4,68.4,46.7,10.9,12.3,49.4,89.48,4.86,7.5,8.7,29.1,26.7,8244.0,21.8,16.7,-0.147,-0.113,441.0,1.3,38.3,114.7
2012,North Dakota,5.6,177.2,231.3,11.9,73.0,72.6,53.7,8.2,5.0,54.1,93.28,4.5,6.5,7.8,27.8,27.1,7196.0,21.9,11.3,0.452,0.207,261.8,2.9,28.8,121.5
2012,Ohio,12.0,207.7,276.7,21.1,75.8,71.5,51.0,10.0,14.0,49.7,92.25,4.78,7.7,16.8,29.6,27.0,8219.0,25.1,13.7,-0.161,-0.14400000000000002,443.4,1.4,34.1,120.9
2012,Oklahoma,9.9,209.6,330.5,20.7,69.9,57.2,50.0,11.1,18.8,46.1,91.15,4.73,7.7,7.1,31.1,31.2,10205.0,26.1,17.1,-0.426,-0.293,377.9,1.2,50.4,80.2
2012,Oregon,7.3,191.5,217.9,20.3,72.6,70.4,68.0,9.3,12.7,54.5,85.68,4.57,4.9,9.2,26.7,19.8,6741.0,19.7,14.9,0.39899999999999997,0.031,322.4,1.3,28.2,128.1
2012,Pennsylvania,12.0,200.3,266.9,17.3,77.9,72.3,59.3,9.5,15.1,52.2,91.73,4.76,7.2,9.7,28.6,26.2,7634.0,22.4,10.9,0.075,-0.094,374.1,1.6,27.0,127.0
2012,Rhode Island,8.4,193.1,238.6,17.5,82.7,78.1,54.6,8.4,16.0,51.4,93.65,5.28,6.6,8.0,25.4,26.2,6543.0,20.0,11.8,0.37799999999999995,0.006999999999999999,330.6,1.2,22.3,172.4
2012,South Carolina,10.5,203.0,277.6,26.3,77.3,63.4,47.1,12.1,13.6,47.0,89.03,4.96,7.2,11.3,30.8,27.2,9145.0,23.1,19.7,-0.557,-0.134,573.5,1.3,42.6,106.4
2012,South Dakota,6.7,181.6,237.4,22.6,72.3,73.5,51.7,9.5,6.5,56.0,87.5,4.24,6.8,5.9,28.1,27.0,6927.0,23.0,13.0,0.122,0.11800000000000001,392.1,3.0,34.9,109.1
2012,Tennessee,10.4,214.5,309.3,22.5,79.0,66.3,48.4,11.2,15.7,46.3,89.48,4.86,8.0,9.1,29.2,35.1,9513.0,23.0,13.9,-0.263,-0.226,446.4,1.3,43.2,120.4
2012,Texas,10.3,182.4,265.3,25.5,68.4,61.7,47.6,10.2,9.5,44.3,90.13,4.92,6.1,19.1,30.4,27.2,7646.0,19.2,24.2,-0.273,0.002,476.7,1.2,52.2,95.0
2012,Utah,9.9,141.3,209.9,13.7,66.3,74.3,66.0,6.7,18.4,56.7,88.25,3.94,5.1,12.4,24.4,18.9,6158.0,11.8,14.2,0.529,0.23800000000000002,242.1,1.7,27.9,89.4
2012,Vermont,7.0,192.3,220.8,16.4,77.2,75.6,56.4,7.7,9.9,59.3,92.8,4.26,5.2,2.8,25.4,21.0,5712.0,19.1,9.0,0.821,0.125,200.9,,17.9,169.8
2012,Virginia,9.7,192.0,248.1,14.7,79.2,78.4,59.4,10.4,8.0,52.3,88.88,4.78,7.0,8.2,29.2,25.1,7124.0,20.9,13.7,0.255,0.006999999999999999,384.9,1.4,27.4,125.3
2012,Washington,9.3,188.6,227.0,18.9,70.7,72.1,71.2,8.9,14.4,53.5,87.73,4.43,4.7,10.3,26.5,22.0,6327.0,17.5,14.2,0.39899999999999997,0.078,317.5,1.9,26.7,124.6
2012,West Virginia,11.2,219.1,311.0,24.5,80.5,60.5,46.7,12.0,22.0,40.7,85.5,5.12,7.5,6.7,32.4,35.1,10576.0,28.6,14.2,-0.496,-0.353,209.2,1.1,44.8,102.5
2012,Wisconsin,10.0,190.5,236.4,21.4,75.5,75.1,52.3,8.4,11.0,55.6,92.33,4.29,6.0,8.0,27.7,22.7,6346.0,20.9,9.9,0.303,0.171,408.6,1.9,26.2,121.3
2012,Wyoming,5.1,180.1,239.5,11.7,70.5,69.0,50.2,8.2,13.2,54.4,82.53,3.95,6.3,4.1,25.0,25.5,7800.0,23.0,17.5,0.132,0.066,374.9,2.4,39.0,89.6
2012,United States,10.5,190.6,258.7,21.4,75.5,70.1,59.3,9.5,12.2,50.3,90.3,4.94,6.3,12.4,27.8,26.2,7151.0,21.2,16.0,,,423.6,1.4,34.2,119.9
2012,District of Columbia,10.9,211.4,303.3,34.6,82.5,75.3,90.2,9.1,9.5,59.1,91.43,6.61,8.8,27.0,23.7,19.8,10134.0,20.8,10.6,,,928.8,3.8,45.4,342.9
2013,Alabama,10.7,212.0,329.6,26.6,78.3,58.6,42.8,12.2,12.2,42.4,71.3,5.32,8.5,0.614,33.0,27.2,10185.0,23.8,13.9,-0.449,-0.373,619.8,1.2,40.5,99.9
2013,Alaska,5.4,194.4,222.4,13.3,67.8,67.4,76.8,7.0,14.7,52.4,59.5,4.15,3.8,0.151,25.7,18.4,7325.0,20.5,18.6,0.053,0.222,808.0,2.2,36.2,112.1
2013,Arizona,9.6,169.6,215.0,26.2,73.7,61.6,53.5,10.6,17.1,50.5,67.5,4.58,5.9,0.051,26.0,22.5,7135.0,17.1,17.7,0.002,0.018000000000000002,358.0,1.9,38.5,96.0
2013,Arkansas,10.7,214.2,311.7,29.6,70.9,54.9,39.5,11.3,12.4,42.3,66.4,4.88,7.4,0.521,34.5,31.4,9620.0,25.0,17.9,-0.627,-0.266,550.5,1.3,50.7,99.9
2013,California,15.1,170.9,235.0,22.0,75.5,67.0,76.1,9.8,11.2,53.0,66.8,5.24,4.8,-0.252,25.0,18.0,5873.0,12.6,18.8,0.22699999999999998,0.083,447.7,1.5,28.7,118.2
2013,Colorado,6.7,163.0,197.2,14.8,74.7,65.3,68.1,7.4,14.7,57.0,71.7,4.56,5.7,-0.191,20.5,17.0,6112.0,17.7,14.7,0.39,0.175,433.7,1.5,28.9,117.9
2013,Connecticut,9.0,178.0,215.6,12.3,80.9,76.1,75.8,9.1,10.7,57.2,77.1,5.07,5.2,-0.595,25.6,22.1,5732.0,16.0,8.3,0.504,0.145,381.9,1.5,16.4,162.3
2013,Delaware,10.6,199.7,248.9,20.8,81.2,70.0,45.1,9.6,16.5,53.2,72.6,4.31,8.2,0.048,26.9,23.5,7824.0,19.7,10.4,-0.062,-0.035,502.0,1.2,29.3,110.5
2013,Florida,7.6,182.6,223.8,21.5,79.0,59.8,50.2,11.4,16.3,48.8,68.6,4.7,6.5,0.196,25.2,23.2,7536.0,17.7,20.6,-0.126,-0.084,404.4,1.2,29.5,107.6
2013,Georgia,11.2,191.6,277.0,27.1,76.4,64.1,46.6,9.9,10.7,46.9,74.7,5.12,6.6,0.39,29.1,23.6,8243.0,20.4,19.2,-0.298,-0.018000000000000002,561.6,1.2,38.2,102.5
2013,Hawaii,9.1,155.7,202.4,19.3,73.9,70.4,76.0,7.8,11.4,45.2,80.2,4.33,5.7,0.191,23.6,18.7,6064.0,14.6,7.8,0.597,0.32299999999999995,430.4,1.0,30.0,139.4
2013,Idaho,8.6,174.4,228.3,18.6,68.0,67.6,58.5,8.5,12.2,51.9,63.0,4.05,4.9,-0.303,26.8,20.3,6504.0,16.4,16.4,0.304,0.139,299.8,1.9,27.7,78.0
2013,Illinois,11.7,197.0,253.7,18.5,73.1,66.9,65.4,9.4,10.5,51.4,68.5,4.91,6.6,0.326,28.1,21.8,6976.0,18.6,14.2,-0.062,-0.034,506.1,1.7,29.5,133.2
2013,Indiana,12.6,207.0,272.8,24.7,72.8,62.6,47.2,10.9,14.6,47.6,61.4,4.38,7.7,-0.377,31.4,25.9,8126.0,24.0,12.7,-0.342,-0.14400000000000002,428.8,1.3,34.8,101.6
2013,Iowa,9.9,189.0,244.9,13.4,73.7,71.1,52.2,9.7,8.0,55.6,74.8,4.25,4.8,-0.493,30.4,23.1,6491.0,18.1,10.1,0.163,0.155,249.1,1.5,25.3,84.7
2013,Kansas,8.9,189.2,242.4,23.4,72.9,67.3,50.1,9.4,10.3,53.2,65.0,4.35,6.2,-0.294,29.8,22.9,7336.0,19.4,13.1,0.025,0.09699999999999999,371.5,1.5,35.4,105.1
2013,Kentucky,11.1,226.0,294.5,26.9,75.7,60.3,56.1,10.7,21.7,44.3,68.2,5.2,6.6,-0.42100000000000004,31.3,29.6,9622.0,28.3,15.0,-0.425,-0.29,383.2,1.1,43.5,102.5
2013,Louisiana,9.6,216.7,309.3,31.0,74.1,56.1,47.8,12.3,13.2,44.5,68.5,5.59,7.9,0.861,34.7,29.9,9806.0,24.8,19.6,-0.611,-0.233,697.4,1.3,45.1,120.3
2013,Maine,7.5,203.9,216.5,16.2,80.5,65.3,48.9,9.7,11.5,57.5,72.6,4.44,6.0,-0.21600000000000003,28.3,20.9,6618.0,20.3,9.8,0.327,0.039,232.9,1.0,20.8,129.1
2013,Maryland,10.8,188.3,253.1,13.6,81.6,72.7,71.2,10.2,11.8,53.7,67.1,4.55,6.8,-0.182,27.6,23.0,7059.0,16.2,13.1,0.228,0.048,471.3,1.4,24.7,175.3
2013,Massachusetts,8.1,188.1,210.1,15.3,83.7,76.2,78.4,8.3,12.0,59.8,73.5,5.51,4.3,-0.436,22.9,19.7,5736.0,16.4,3.8,0.575,0.15,347.7,1.3,15.4,196.1
2013,Michigan,9.3,199.1,280.8,19.2,76.7,68.0,60.5,10.5,14.3,50.2,70.5,4.77,6.9,-0.16699999999999998,31.1,23.3,7821.0,23.3,11.7,-0.13,-0.08800000000000001,501.5,1.7,27.8,119.4
2013,Minnesota,8.1,182.7,182.7,13.7,76.7,74.8,60.0,7.3,8.3,58.3,66.2,4.29,4.6,-0.27,25.7,17.5,5493.0,18.8,8.7,0.40399999999999997,0.326,237.5,2.7,19.3,143.5
2013,Mississippi,9.8,219.7,347.7,29.6,71.3,55.4,41.0,12.5,11.1,43.0,77.5,5.27,9.5,1.0237,34.6,30.8,10821.0,24.0,15.8,-0.593,-0.3,715.0,1.5,50.2,82.1
2013,Missouri,10.0,202.4,281.8,22.2,74.0,61.8,47.4,10.7,15.9,49.8,63.9,4.66,6.5,0.024,29.6,24.7,8230.0,23.9,14.1,-0.264,-0.109,465.6,1.4,34.5,110.2
2013,Montana,7.2,179.7,223.1,18.3,69.5,61.0,61.4,7.2,13.8,54.7,66.5,4.43,5.9,0.019,24.3,20.5,7370.0,19.7,18.2,0.14800000000000002,0.13,344.2,2.3,29.2,97.4
2013,Nebraska,8.2,182.2,223.2,19.6,71.8,67.6,63.3,8.1,6.6,54.6,72.6,4.22,5.4,-0.519,28.6,21.0,6309.0,19.7,12.8,0.252,0.20800000000000002,371.2,2.2,27.2,118.0
2013,Nevada,9.1,189.5,268.8,22.7,71.5,60.8,51.4,8.9,21.8,45.9,65.3,4.26,5.6,-0.887,26.2,21.3,7727.0,18.1,23.0,-0.289,-0.005,389.1,1.1,36.1,84.5
2013,New Hampshire,7.6,190.6,214.2,10.9,80.4,73.1,63.2,9.1,13.3,59.4,80.1,4.29,4.4,-0.37200000000000005,27.3,19.9,5822.0,17.2,12.3,0.495,0.20800000000000002,140.6,1.0,13.7,133.6
2013,New Jersey,9.1,185.6,243.5,12.5,80.7,71.2,81.2,9.3,8.0,53.5,71.5,5.07,4.9,-0.6659999999999999,24.6,24.9,6091.0,17.3,14.7,0.353,0.17800000000000002,298.1,1.7,18.7,140.4
2013,New Mexico,6.6,164.4,216.3,30.9,70.1,60.9,49.2,10.3,24.0,45.4,71.6,5.28,5.5,0.701,27.1,21.8,7925.0,19.3,20.7,-0.20600000000000002,0.031,552.4,1.5,48.8,113.5
2013,New York,9.0,178.6,265.3,25.0,79.7,67.5,72.8,9.7,8.6,51.3,63.7,5.59,5.1,0.049,23.6,24.6,6092.0,16.2,11.7,0.312,0.059000000000000004,530.3,1.5,21.2,164.0
2013,North Carolina,9.6,195.4,254.0,24.7,78.4,64.9,47.5,10.4,12.4,49.5,75.4,4.78,7.1,0.43799999999999994,29.6,24.9,7892.0,20.9,16.7,-0.177,-0.07,574.9,1.3,34.9,114.9
2013,North Dakota,5.6,173.7,225.8,15.8,73.0,67.2,54.0,8.6,3.3,54.6,72.2,4.28,6.6,-0.505,29.7,23.8,6504.0,21.2,10.3,0.332,0.225,261.8,3.2,28.2,115.9
2013,Ohio,11.6,206.9,270.7,21.2,75.8,67.6,51.4,11.7,14.8,50.2,66.8,4.74,7.8,-0.22899999999999998,30.1,25.2,8068.0,23.3,13.0,-0.255,-0.152,456.4,1.4,31.5,123.8
2013,Oklahoma,9.7,210.7,322.1,27.4,69.9,58.9,50.5,11.5,19.9,48.5,61.0,4.64,7.4,-0.24600000000000002,32.2,28.3,9838.0,23.3,17.1,-0.415,-0.251,377.9,1.2,47.8,82.7
2013,Oregon,7.0,191.1,212.2,18.3,72.6,65.3,68.3,9.9,13.3,53.1,66.7,4.71,4.8,-0.41700000000000004,27.3,16.2,6516.0,17.9,14.6,0.36700000000000005,0.059000000000000004,356.1,1.3,25.8,129.4
2013,Pennsylvania,11.7,199.3,261.8,19.7,77.9,68.5,59.1,10.2,16.2,52.5,68.3,4.74,6.9,-0.19399999999999998,29.1,23.4,7408.0,21.4,11.4,0.004,-0.026000000000000002,416.3,1.6,24.9,129.8
2013,Rhode Island,8.5,190.7,228.6,20.4,82.7,73.6,55.2,9.8,16.2,54.6,72.5,5.34,6.7,-0.106,25.7,23.4,6662.0,17.4,12.2,0.32,-0.003,393.9,1.2,21.3,173.4
2013,South Carolina,10.2,201.8,272.8,22.0,77.2,59.6,47.7,11.6,13.9,46.2,71.8,4.9,7.4,0.9129999999999999,31.6,25.0,9098.0,22.5,16.6,-0.516,-0.11900000000000001,625.5,1.3,39.1,105.9
2013,South Dakota,6.4,183.0,235.2,14.6,72.3,70.9,53.8,7.8,6.5,58.1,63.6,4.1,6.6,-0.07400000000000001,28.1,22.5,6963.0,22.0,13.7,0.062,0.222,418.7,3.0,34.3,109.4
2013,Tennessee,10.1,213.3,300.8,26.3,79.0,61.4,48.9,11.9,16.4,44.5,73.1,4.78,7.7,-0.201,31.1,28.6,9440.0,24.9,13.6,-0.349,-0.23,490.1,1.2,40.8,122.4
2013,Texas,10.2,181.0,256.7,24.5,68.4,58.8,48.5,10.6,10.0,45.3,64.8,4.89,5.9,0.11199999999999999,29.2,27.2,7366.0,18.2,24.2,-0.247,-0.003,496.6,1.3,46.9,95.3
2013,Utah,9.3,142.3,208.0,13.7,66.3,68.4,65.8,7.2,18.6,57.1,73.0,3.93,5.2,-0.027999999999999997,24.3,16.5,6231.0,10.6,14.5,0.43,0.265,256.4,1.7,23.1,88.5
2013,Vermont,6.9,193.6,213.0,17.0,77.1,70.8,57.0,7.3,10.4,60.4,63.2,4.34,4.6,-0.09699999999999999,23.7,17.2,5681.0,16.5,7.8,0.698,0.17,237.0,,16.8,170.9
2013,Virginia,9.3,190.4,241.8,13.5,79.2,70.4,59.9,10.6,8.3,52.0,69.8,4.84,6.8,-0.14,27.4,22.5,6816.0,19.0,12.9,0.244,0.015,453.9,1.4,24.5,124.4
2013,Washington,8.5,186.4,217.6,14.8,70.7,67.6,71.2,8.8,14.1,52.7,65.2,4.48,4.5,-0.08199999999999999,26.8,18.9,6062.0,17.2,14.0,0.28300000000000003,0.12,346.2,2.0,25.4,123.4
2013,West Virginia,10.7,221.2,302.4,19.0,80.5,56.4,47.1,13.0,25.2,40.3,60.8,4.96,7.0,-0.904,33.8,31.0,9959.0,28.2,14.8,-0.433,-0.293,231.8,1.1,43.5,105.5
2013,Wisconsin,9.6,191.2,233.5,15.9,75.5,72.0,53.8,8.3,11.4,57.0,75.2,4.32,6.1,0.461,29.7,20.3,6332.0,20.4,10.0,0.141,0.171,432.9,1.9,23.2,121.8
2013,Wyoming,5.3,181.0,232.7,9.7,70.5,66.0,51.8,9.1,13.7,57.5,67.2,4.29,6.7,-0.581,24.6,21.1,7754.0,21.8,16.6,0.233,0.12300000000000001,371.2,2.4,35.2,90.2
2013,United States,10.3,189.3,251.9,21.3,75.5,67.2,59.7,9.7,12.6,50.7,68.4,4.92,6.1,,27.6,22.9,6981.0,19.6,15.6,,,457.6,1.4,31.3,120.9
2013,District of Columbia,11.3,204.8,285.6,28.1,82.5,71.1,90.9,8.2,11.1,60.6,73.4,6.88,7.7,,21.9,17.4,9350.0,19.6,8.2,,,1094.4,4.1,42.8,326.7
2014,Alabama,10.0,211.5,329.2,26.4,77.6,58.6,43.7,13.8,11.7,43.3,77.0,5.18,8.6,0.65,32.4,31.5,10008.0,21.5,13.4,-0.335,-0.32899999999999996,637.6,1.2,39.2,101.9
2014,Alaska,4.9,191.8,219.2,15.9,70.1,67.4,78.1,7.1,14.4,53.5,63.9,3.95,4.5,0.72,28.4,22.3,7600.0,22.6,19.5,-0.057999999999999996,0.183,755.8,2.2,34.5,113.2
2014,Arizona,9.9,170.2,216.1,27.2,72.6,61.6,53.6,10.7,17.7,51.0,65.1,4.65,5.9,-0.1,26.8,25.2,7124.0,16.3,17.3,-0.008,-0.03,469.6,1.9,37.4,98.4
2014,Arkansas,10.3,214.9,313.7,23.8,72.3,54.9,40.2,11.5,12.6,43.4,57.1,4.82,7.2,0.9,34.6,34.4,9656.0,25.9,16.2,-0.655,-0.27899999999999997,565.4,1.2,45.7,102.6
2014,California,13.9,171.0,234.4,20.3,75.2,67.0,76.5,10.2,11.0,49.4,69.3,5.25,4.6,-0.4,24.1,21.4,5590.0,12.5,17.5,0.294,0.054000000000000006,444.9,1.5,26.5,122.2
2014,Colorado,6.8,163.0,197.1,14.0,76.4,65.3,68.6,6.5,14.8,57.7,69.2,4.51,5.1,-0.22,21.3,17.9,5991.0,17.7,14.4,0.35,0.223,422.7,1.4,25.4,120.7
2014,Connecticut,8.7,177.0,216.5,15.3,83.1,76.1,75.0,8.3,11.0,57.3,78.2,5.14,5.1,-0.59,24.9,24.9,5603.0,15.5,9.3,0.56,0.17800000000000002,364.9,1.4,15.1,166.7
2014,Delaware,10.2,201.9,246.9,22.7,81.0,70.0,46.0,11.1,16.6,50.3,71.8,4.39,8.2,-0.06,31.0,27.8,7729.0,19.6,9.0,-0.126,-0.1,489.2,1.2,25.0,112.8
2014,Florida,7.4,182.7,223.0,19.3,79.5,59.8,50.5,11.2,15.2,48.8,70.0,4.65,6.2,0.37,26.4,27.7,7116.0,16.8,20.0,-0.098,-0.051,407.4,1.2,28.0,110.0
2014,Georgia,10.3,192.3,273.0,23.2,77.5,64.1,46.7,10.8,10.8,47.3,69.8,5.03,6.5,0.45,30.3,27.2,7624.0,18.8,18.6,-0.292,-0.03,534.0,1.1,33.8,105.4
2014,Hawaii,8.7,155.3,199.1,12.7,75.8,70.4,75.2,8.4,11.7,49.5,66.5,4.41,5.1,0.18,21.8,22.1,5865.0,13.3,6.8,0.5670000000000001,0.344,461.2,1.0,28.1,140.2
2014,Idaho,10.4,174.6,230.7,16.0,69.3,67.6,57.2,8.4,12.3,56.4,70.2,4.03,5.2,-0.85,29.6,23.7,6310.0,17.2,16.2,0.22899999999999998,0.10800000000000001,287.1,1.7,28.3,80.1
2014,Illinois,11.4,197.9,253.9,17.7,74.0,66.9,65.8,9.9,11.1,50.2,66.8,5.0,6.5,0.13,29.4,25.1,6721.0,18.0,12.8,-0.066,-0.012,526.1,1.7,27.9,133.9
2014,Indiana,11.7,208.2,274.4,14.7,74.5,62.6,46.9,11.0,15.1,49.2,68.5,4.43,7.2,-0.33,31.8,31.0,7993.0,21.9,14.1,-0.257,-0.124,452.7,1.3,33.0,104.2
2014,Iowa,9.6,191.8,245.4,14.3,75.7,71.1,52.0,9.3,8.5,54.9,78.3,4.25,5.0,0.39,31.3,28.5,6309.0,19.5,8.3,0.07400000000000001,0.142,371.5,1.5,24.1,85.7
2014,Kansas,8.8,190.9,245.6,18.1,73.3,67.3,50.0,9.6,10.4,52.5,68.7,4.4,6.3,-0.01,30.0,26.5,7209.0,20.0,12.4,0.003,0.07400000000000001,387.8,1.4,34.1,106.6
2014,Kentucky,10.4,228.3,297.3,31.8,77.0,60.3,55.4,10.6,24.0,43.5,72.7,5.07,6.7,-0.2,33.2,30.2,9575.0,26.5,14.1,-0.48700000000000004,-0.265,395.3,1.0,41.5,103.0
2014,Louisiana,9.2,217.4,307.5,26.5,76.2,56.1,48.6,11.6,12.9,45.1,69.1,5.68,8.2,0.88,33.1,32.2,9625.0,23.5,16.7,-0.53,-0.273,597.9,1.3,43.1,123.7
2014,Maine,7.6,205.4,215.4,20.9,81.4,65.3,49.7,9.6,11.0,56.9,68.0,4.55,6.6,-0.28,28.9,23.3,6645.0,20.2,10.7,0.289,0.013999999999999999,257.0,1.0,19.4,130.2
2014,Maryland,10.0,187.7,250.7,15.3,81.2,72.7,72.1,9.8,12.2,54.7,75.8,4.54,6.6,-0.16,28.3,25.3,6772.0,16.4,10.2,0.305,0.05,455.3,1.4,22.1,178.5
2014,Massachusetts,7.7,186.8,206.9,15.3,84.0,76.2,78.6,8.5,12.1,59.2,78.5,5.43,4.2,-0.42,23.6,23.5,5345.0,16.6,3.8,0.597,0.14400000000000002,357.5,1.3,14.1,200.8
2014,Michigan,8.8,199.7,282.4,19.8,79.4,68.0,61.1,10.4,13.9,51.8,70.0,4.75,6.7,-0.3,31.5,24.4,7574.0,21.4,11.2,-0.1,-0.105,481.6,1.7,26.3,122.2
2014,Minnesota,8.0,180.9,184.7,14.0,77.0,74.8,60.5,7.4,8.6,58.2,74.1,4.36,4.9,0.22,25.5,23.5,5358.0,18.0,8.1,0.4,0.326,337.8,2.7,18.5,145.2
2014,Mississippi,9.3,223.7,346.0,30.5,74.3,55.4,42.0,12.9,10.9,42.8,74.6,5.4,9.1,1.17,35.1,38.1,10354.0,24.8,17.1,-0.6609999999999999,-0.33899999999999997,774.0,1.5,46.1,81.8
2014,Missouri,10.0,204.8,281.1,19.8,73.9,61.8,48.1,9.6,16.3,51.8,67.9,4.57,6.5,0.02,30.4,28.3,8120.0,22.1,13.3,-0.24100000000000002,-0.04,463.1,1.4,32.2,111.8
2014,Montana,6.3,179.8,224.8,20.3,73.8,61.0,61.3,7.7,12.8,55.7,65.4,4.56,5.9,0.03,24.6,22.5,7480.0,19.0,17.2,0.162,0.11699999999999999,383.4,2.3,28.8,99.7
2014,Nebraska,8.0,184.7,224.9,14.3,74.0,67.6,64.7,9.2,7.3,56.3,79.0,4.23,5.1,-0.22,29.6,25.3,6224.0,18.5,11.3,0.36,0.14300000000000002,366.2,2.2,26.8,118.5
2014,Nevada,9.3,188.0,271.9,25.3,74.0,60.8,52.0,9.6,22.2,48.2,60.6,4.38,5.3,-0.69,26.2,23.7,7297.0,19.4,21.4,-0.373,0.039,408.9,1.1,33.4,85.3
2014,New Hampshire,7.5,191.6,213.8,13.5,81.7,73.1,63.6,9.2,13.4,61.1,74.9,4.26,4.5,-0.8,26.7,22.4,5580.0,16.2,10.7,0.518,0.16,233.0,,13.8,135.7
2014,New Jersey,9.0,185.5,246.8,16.5,81.0,71.2,81.8,9.2,11.6,51.4,72.9,5.2,4.7,-0.59,26.3,26.8,5837.0,15.7,13.0,0.337,0.136,309.2,1.6,16.7,143.7
2014,New Mexico,7.1,167.1,217.0,28.7,71.0,60.9,50.6,10.7,24.8,45.2,65.7,5.23,6.1,0.65,26.4,24.3,8445.0,19.1,18.5,-0.16399999999999998,-0.01,571.4,1.6,47.5,115.6
2014,New York,8.5,179.7,260.8,19.5,81.3,67.5,72.7,10.6,9.4,50.3,72.2,5.65,5.0,0.02,25.4,26.7,5737.0,16.6,10.8,0.37,0.019,516.5,1.4,19.7,167.3
2014,North Carolina,9.0,196.2,252.2,26.8,79.2,64.9,47.9,11.4,12.6,49.9,72.0,4.71,7.3,0.3,29.4,26.6,7661.0,20.3,16.1,-0.17300000000000001,-0.114,524.0,1.3,31.8,117.9
2014,North Dakota,5.4,173.7,226.8,14.1,73.5,67.2,54.6,8.9,3.0,55.2,72.0,4.35,6.3,-0.19,31.0,27.6,6878.0,21.2,10.2,0.33299999999999996,0.217,425.2,3.1,26.5,123.6
2014,Ohio,10.9,207.7,274.6,16.9,78.2,67.6,52.0,10.4,17.5,49.9,61.7,4.75,7.7,-0.33,30.4,28.5,7928.0,23.4,11.3,-0.249,-0.109,460.3,1.4,29.8,125.0
2014,Oklahoma,9.7,214.1,322.0,17.8,73.6,58.9,50.4,11.0,19.8,46.3,62.7,4.57,7.4,-0.07,32.5,33.0,9654.0,23.7,18.0,-0.444,-0.299,444.2,1.2,47.3,84.8
2014,Oregon,6.9,192.4,210.5,17.0,74.4,65.3,67.8,9.2,13.1,55.4,66.6,4.62,5.0,-0.49,26.5,18.5,6371.0,17.3,14.8,0.376,0.032,347.5,1.3,23.8,131.5
2014,Pennsylvania,11.7,200.3,259.7,16.9,77.6,68.5,60.1,10.1,17.4,52.2,75.5,4.81,6.7,-0.23,30.0,26.3,7287.0,21.0,9.7,0.054000000000000006,-0.045,431.6,1.6,23.7,130.3
2014,Rhode Island,8.4,189.9,229.1,23.2,81.9,73.6,55.3,9.3,17.3,53.5,82.1,5.16,6.4,-0.47,27.3,26.9,6049.0,17.4,11.3,0.307,0.06,410.3,1.2,19.9,177.0
2014,South Carolina,9.5,203.5,272.2,18.5,78.5,59.6,48.0,12.5,13.5,49.7,66.5,4.9,7.5,0.77,31.7,26.9,8645.0,22.0,16.3,-0.44799999999999995,-0.193,580.2,1.3,36.6,107.9
2014,South Dakota,6.3,187.9,233.1,13.0,72.8,70.9,52.7,9.1,6.1,57.3,73.8,4.05,7.5,0.1,29.9,23.8,7330.0,19.6,11.4,0.182,0.155,476.2,3.1,33.3,113.5
2014,Tennessee,9.5,213.5,300.6,26.7,81.1,61.4,49.5,12.2,17.2,46.0,68.5,4.75,7.3,0.01,33.7,37.2,9168.0,24.3,13.9,-0.429,-0.285,507.9,1.2,38.5,124.4
2014,Texas,10.2,182.5,255.3,24.2,74.8,58.8,49.3,10.9,9.9,42.1,72.5,4.94,5.8,0.11,30.9,30.1,7050.0,15.9,22.3,-0.172,0.063,494.8,1.2,44.4,98.8
2014,Utah,10.1,145.7,212.2,9.2,68.3,68.4,65.8,7.1,20.1,58.4,75.2,3.91,5.2,-0.35,24.1,20.6,6143.0,10.3,14.2,0.46799999999999997,0.261,270.3,1.8,23.3,90.8
2014,Vermont,6.4,195.6,218.4,12.1,78.8,70.8,57.7,7.8,11.3,64.1,66.9,4.64,4.6,0.01,24.7,20.5,5679.0,16.6,6.8,0.7090000000000001,0.145,275.2,,16.3,170.9
2014,Virginia,8.7,189.5,241.1,14.5,80.1,70.4,61.9,9.8,8.4,52.7,69.2,4.8,6.6,-0.29,27.2,25.5,6502.0,19.0,12.4,0.24100000000000002,0.057999999999999996,431.8,1.4,22.9,125.8
2014,Washington,8.1,184.7,214.8,15.9,74.5,67.6,71.3,8.6,14.0,53.7,70.8,4.63,4.9,0.19,27.2,20.0,5912.0,16.1,13.9,0.33,0.069,360.1,1.9,23.4,126.7
2014,West Virginia,9.8,220.5,303.7,23.3,78.7,56.4,47.1,13.0,31.3,41.9,65.5,4.9,7.0,-0.93,35.1,31.4,10159.0,27.3,14.2,-0.40299999999999997,-0.31,258.2,1.1,44.1,107.8
2014,Wisconsin,9.3,193.2,236.8,15.9,76.6,72.0,54.8,8.2,11.8,53.0,72.8,4.36,6.0,0.48,29.8,23.8,6207.0,18.7,9.0,0.165,0.067,415.4,2.0,21.9,125.0
2014,Wyoming,5.0,180.2,233.6,14.1,73.8,66.0,53.0,8.6,15.7,55.3,70.0,4.17,5.9,-0.47,27.8,25.1,7593.0,20.6,14.4,0.11800000000000001,0.091,370.0,2.8,34.7,90.0
2014,United States,9.9,189.9,251.4,19.9,76.4,67.2,60.1,9.6,13.0,50.1,70.4,4.95,6.0,,29.4,25.3,6976.0,19.0,14.6,,,456.7,1.4,29.4,123.5
2014,District of Columbia,11.3,201.4,288.2,37.2,80.9,71.1,89.4,7.8,13.9,61.9,76.9,7.17,7.8,,22.8,19.5,8531.0,18.8,6.3,,,1101.6,4.0,38.6,324.6
2015,Alabama,9.5,211.6,330.1,25.2,77.6,60.0,44.0,12.9,12.0,43.5,76.9,5.27,8.8,0.763,33.5,27.6,10095.0,21.1,12.9,-0.371,-0.325,611.0,1.2,34.3,103.5
2015,Alaska,6.0,194.1,214.9,15.6,70.1,64.4,78.3,7.4,15.3,57.3,67.3,4.1,5.4,1.09,29.7,19.2,7758.0,19.9,17.8,-0.114,0.171,789.4,2.2,30.3,114.2
2015,Arizona,9.7,169.6,216.6,28.5,72.6,59.0,54.5,10.0,18.1,50.5,66.1,4.71,5.6,0.373,28.9,21.2,7164.0,16.5,15.4,-0.141,0.07200000000000001,466.4,1.9,33.1,99.7
2015,Arkansas,9.7,216.9,313.4,29.7,72.3,57.1,40.9,12.7,12.1,43.1,66.0,4.76,7.3,0.883,35.9,30.7,9586.0,24.7,13.9,-0.584,-0.304,523.8,1.2,43.5,105.3
2015,California,12.5,170.1,233.6,22.9,75.2,65.1,76.6,10.3,11.3,50.2,77.9,5.25,4.6,-0.287,24.7,21.7,5609.0,12.8,14.8,0.284,0.07,439.9,1.5,23.6,123.3
2015,Colorado,7.0,162.2,196.2,17.2,76.4,67.0,68.7,7.3,15.8,57.1,72.8,4.47,4.8,0.09699999999999999,21.3,16.4,5982.0,15.7,12.2,0.324,0.23600000000000002,393.0,1.4,23.4,123.2
2015,Connecticut,8.8,174.6,217.5,12.3,83.1,74.9,76.2,9.2,13.1,57.9,73.0,5.21,4.9,-0.733,26.3,20.6,5573.0,15.4,8.2,0.529,0.141,355.8,1.4,12.9,169.0
2015,Delaware,9.7,199.1,245.6,16.6,81.0,66.5,45.4,11.1,17.2,51.8,74.5,4.38,7.0,0.14,30.7,24.9,7509.0,19.9,8.5,-0.121,-0.040999999999999995,568.4,1.2,24.7,114.3
2015,Florida,7.2,182.0,221.0,24.2,79.5,61.9,50.7,11.2,13.9,48.1,72.7,4.68,6.1,0.423,26.2,23.7,7059.0,17.6,18.3,-0.163,-0.011000000000000001,415.1,1.2,24.6,111.7
2015,Georgia,9.8,192.8,269.8,25.6,77.5,60.6,47.0,11.6,10.8,48.7,74.0,4.97,6.6,0.46,30.5,23.6,7880.0,17.4,17.3,-0.28800000000000003,-0.083,514.8,1.1,30.5,107.1
2015,Hawaii,7.6,155.4,203.0,16.9,75.8,71.6,75.2,9.8,11.8,48.8,73.7,4.22,5.7,0.47,22.1,19.6,6047.0,14.1,6.0,0.5820000000000001,0.31,476.9,1.0,25.1,140.9
2015,Idaho,11.7,175.8,227.7,14.6,69.3,64.3,57.8,7.6,12.8,57.3,65.9,4.26,5.5,-0.633,28.9,18.7,6747.0,15.9,14.9,0.16,0.192,340.2,1.6,25.7,81.5
2015,Illinois,11.1,198.6,253.1,20.5,74.0,63.9,66.7,10.1,11.9,50.4,68.3,4.96,6.2,-0.057,29.3,23.9,6555.0,16.5,11.2,0.003,-0.004,495.5,1.7,24.6,138.8
2015,Indiana,11.3,208.8,275.1,23.3,74.5,61.5,47.4,10.7,15.8,45.2,66.3,4.34,7.0,-0.36,32.7,26.1,8129.0,22.9,12.9,-0.309,-0.131,428.7,1.4,30.3,106.7
2015,Iowa,9.3,193.7,245.4,14.3,75.7,69.4,51.9,9.5,8.7,56.3,71.3,4.33,4.7,-0.11699999999999999,30.9,22.6,6252.0,18.5,7.2,0.087,0.151,356.3,1.5,22.1,89.0
2015,Kansas,8.6,191.0,245.2,16.6,73.3,67.3,50.5,10.3,11.1,53.0,76.5,4.4,6.4,-0.153,31.3,23.8,7110.0,18.1,11.2,0.028999999999999998,0.076,381.6,1.4,29.6,108.3
2015,Kentucky,10.1,228.8,298.1,30.3,77.0,61.0,56.6,12.5,24.0,43.6,72.3,5.17,6.8,-0.42700000000000005,31.6,28.2,9110.0,26.2,11.4,-0.29600000000000004,-0.303,391.2,1.0,39.5,107.0
2015,Louisiana,8.6,217.9,306.3,33.7,76.2,58.3,48.0,11.3,14.4,47.2,73.2,5.68,8.4,1.117,34.9,29.5,9957.0,24.0,15.7,-0.767,-0.21899999999999997,624.5,1.3,39.2,125.0
2015,Maine,7.4,204.3,218.7,20.8,81.4,63.6,52.2,9.5,11.9,57.8,84.7,4.7,6.9,-0.53,28.2,19.7,6729.0,19.3,10.7,0.353,0.017,258.7,1.0,17.4,135.2
2015,Maryland,9.6,188.0,250.1,13.4,81.2,70.2,71.9,10.1,13.4,56.4,74.4,4.51,6.5,-0.213,29.6,21.4,6780.0,14.6,9.0,0.295,0.035,454.1,1.3,19.4,183.7
2015,Massachusetts,7.2,185.6,205.6,17.6,84.0,74.7,78.0,9.7,13.7,58.8,75.4,5.56,4.2,-0.35,23.3,20.1,5468.0,14.7,3.5,0.602,0.106,349.2,1.2,12.1,206.7
2015,Michigan,8.8,198.7,284.3,20.8,79.4,68.6,61.4,10.4,14.5,50.8,65.0,4.69,7.0,-0.303,30.7,25.5,7618.0,21.2,9.7,-0.19,-0.085,453.6,1.7,23.6,124.1
2015,Minnesota,8.0,179.5,186.5,11.9,77.0,72.6,60.6,8.1,9.4,58.8,70.5,4.42,5.0,-0.193,27.6,20.2,5414.0,16.3,7.0,0.371,0.325,348.4,2.8,16.8,146.2
2015,Mississippi,8.9,225.8,344.5,29.4,74.3,56.8,42.6,13.0,10.7,41.6,70.7,5.23,9.2,0.917,35.5,31.6,10744.0,23.0,15.8,-0.6659999999999999,-0.287,585.1,1.5,42.6,84.7
2015,Missouri,9.7,206.3,281.4,14.2,73.9,58.6,48.0,11.1,16.4,49.5,70.0,4.59,6.6,-0.087,30.2,25.0,8117.0,20.6,12.3,-0.182,-0.109,453.8,1.4,30.0,115.2
2015,Montana,5.7,180.1,227.6,16.8,73.8,62.6,58.9,8.8,13.4,54.5,67.1,4.51,5.8,0.057,26.4,19.6,7673.0,19.9,15.3,0.11699999999999999,0.091,379.8,2.3,27.9,102.6
2015,Nebraska,7.8,185.4,224.7,18.3,74.0,66.4,64.4,9.2,7.3,57.0,80.2,4.26,5.0,-0.053,30.2,21.3,6125.0,17.3,10.5,0.305,0.185,393.5,2.2,24.9,123.1
2015,Nevada,10.0,188.1,274.8,23.9,74.0,59.9,51.9,9.6,22.4,46.6,67.7,4.23,5.1,0.033,27.7,22.5,7497.0,17.0,17.9,-0.409,0.055,427.0,1.1,30.3,85.6
2015,New Hampshire,7.2,190.8,213.3,11.1,81.7,69.4,64.0,9.1,14.5,61.3,80.4,4.24,4.9,-0.643,27.4,19.3,5809.0,17.5,9.9,0.495,0.193,236.2,1.0,12.6,137.5
2015,New Jersey,8.8,183.6,245.9,16.1,81.0,70.1,81.2,9.7,13.1,51.8,67.2,5.18,4.4,-0.77,26.9,23.3,5819.0,15.1,12.1,0.345,0.128,319.6,1.6,14.8,145.2
2015,New Mexico,6.6,167.3,216.3,25.7,71.0,61.3,50.9,11.5,24.4,45.6,75.9,5.33,6.2,1.04,28.4,23.3,8190.0,19.1,16.6,-0.301,-0.016,587.3,1.6,43.3,119.9
2015,New York,8.0,179.9,258.5,19.1,81.3,67.3,73.5,10.0,10.6,51.9,70.7,5.67,5.0,-0.207,27.0,25.9,5714.0,14.4,9.7,0.368,0.071,489.5,1.3,17.7,170.1
2015,North Carolina,8.7,195.2,251.1,24.4,79.2,64.2,47.9,10.8,13.0,49.8,80.8,4.69,7.2,0.257,29.7,23.2,7604.0,19.1,14.4,-0.027999999999999997,-0.102,496.5,1.3,28.4,119.7
2015,North Dakota,5.2,176.0,224.8,12.0,73.5,65.5,54.4,8.6,2.7,54.4,71.3,4.37,6.2,-0.083,32.2,21.3,7098.0,19.9,9.1,0.231,0.222,419.1,3.0,24.1,122.4
2015,Ohio,10.6,207.6,276.1,22.1,78.2,65.3,51.9,11.7,18.9,49.4,68.1,4.79,7.4,-0.203,32.6,25.0,7991.0,21.0,9.7,-0.226,-0.14,460.2,1.4,27.2,129.7
2015,Oklahoma,9.5,215.8,322.5,25.0,73.6,56.8,50.4,12.0,20.3,47.6,73.3,4.6,7.2,0.49,33.0,28.3,9799.0,21.1,16.5,-0.41,-0.252,479.1,1.2,42.9,85.2
2015,Oregon,6.7,192.1,212.0,18.8,74.4,65.7,68.9,9.0,12.5,55.4,65.3,4.68,5.1,-0.5529999999999999,27.9,16.5,6319.0,17.0,12.2,0.266,0.04,363.7,1.3,21.6,134.6
2015,Pennsylvania,11.4,199.6,260.3,19.4,77.6,66.8,60.2,11.2,18.7,53.0,78.6,4.8,6.8,-0.43,30.2,23.3,7204.0,19.9,9.1,0.039,-0.067,407.8,1.6,20.9,135.1
2015,Rhode Island,7.8,192.4,229.9,17.7,81.9,72.1,53.7,9.4,19.6,55.1,75.6,5.33,6.5,-0.177,27.0,22.5,6308.0,16.3,9.5,0.335,0.042,410.6,1.0,17.7,179.6
2015,South Carolina,9.0,203.2,271.8,22.5,78.5,58.3,47.9,12.0,13.0,48.7,72.6,4.77,7.2,0.647,32.1,25.3,8592.0,21.5,14.7,-0.397,-0.158,541.8,1.2,31.6,108.8
2015,South Dakota,6.3,184.8,232.5,17.7,72.8,70.5,54.1,9.1,6.4,55.2,76.3,4.3,7.6,0.38299999999999995,29.8,21.2,6913.0,18.6,10.5,0.154,0.16399999999999998,471.2,3.1,29.1,114.9
2015,Tennessee,9.1,213.7,299.0,26.2,81.1,58.3,50.0,13.0,17.6,44.7,71.9,4.89,7.0,-0.223,31.2,26.8,9088.0,24.2,12.9,-0.319,-0.267,470.4,1.2,34.7,126.4
2015,Texas,9.9,182.3,253.5,23.8,74.8,58.2,50.5,11.0,9.8,44.4,64.0,5.01,5.8,0.503,31.9,27.6,7084.0,14.5,20.6,-0.235,0.044000000000000004,498.3,1.2,41.0,99.4
2015,Utah,8.9,146.1,218.8,12.0,68.3,68.9,65.2,7.1,21.9,58.1,70.8,3.81,5.0,-0.19699999999999998,25.7,16.8,6157.0,9.7,13.3,0.397,0.255,263.9,1.9,20.6,90.5
2015,Vermont,6.2,191.0,220.3,11.5,78.8,72.2,58.2,7.9,12.9,60.7,71.8,4.39,4.3,-0.48,24.8,19.0,5958.0,16.4,6.1,0.674,0.157,294.2,,14.5,181.3
2015,Virginia,8.3,189.2,239.1,11.3,80.1,69.3,62.8,9.7,9.5,53.0,73.7,4.88,6.3,-0.43,28.5,23.5,6435.0,19.5,11.6,0.228,0.066,407.0,1.3,20.1,127.2
2015,Washington,8.0,182.8,212.9,16.8,74.5,66.9,71.0,8.9,14.1,53.5,67.4,4.51,4.8,-0.597,27.3,18.1,5835.0,15.3,11.6,0.35700000000000004,0.155,361.8,1.8,20.5,128.2
2015,West Virginia,9.4,221.6,299.6,25.7,78.7,54.2,48.0,14.1,32.4,40.9,63.4,4.76,7.4,-1.09,35.7,28.7,10129.0,26.7,11.3,-0.442,-0.327,277.0,1.1,40.1,109.2
2015,Wisconsin,9.1,193.3,237.2,16.2,76.6,70.1,56.0,9.0,13.1,54.1,70.9,4.3,6.0,0.207,31.2,21.2,6365.0,17.4,8.2,0.146,0.046,411.6,1.9,19.6,125.3
2015,Wyoming,5.0,174.6,231.0,10.6,73.8,65.0,53.0,8.4,16.4,56.8,64.0,4.34,4.9,-0.43,29.5,22.1,7320.0,19.5,12.7,-0.043,0.175,347.8,2.9,29.6,88.7
2015,United States,9.5,189.6,250.8,21.1,76.4,65.3,60.5,10.0,13.5,50.4,71.6,4.98,6.0,,29.6,22.6,6997.0,18.1,13.1,,,446.6,1.4,26.5,127.4
2015,District of Columbia,11.1,204.9,289.7,28.6,80.9,70.8,89.2,8.4,14.9,62.3,71.1,7.4,7.4,,21.7,20.8,8026.0,16.4,5.9,,,1014.4,4.3,32.1,325.5
2016,Alaska,8.8,193.3,214.1,12.5,69.2,64.4,80.8,7.6,16.0,55.1,66.3,4.08,6.1,0.6729999999999999,29.8,22.0,7857.0,19.1,16.1,-0.139,0.10800000000000001,787.5,2.2,27.8,134.1
2016,Alabama,9.1,211.1,332.9,22.3,79.9,60.0,43.8,13.5,13.1,43.8,70.6,5.24,8.6,0.777,35.6,31.9,10097.0,21.4,11.1,-0.42700000000000005,-0.366,600.2,1.1,32.0,116.4
2016,Arkansas,7.5,218.1,317.3,20.8,76.8,57.1,40.9,12.6,12.1,43.4,66.6,4.79,7.6,0.573,34.5,34.2,9762.0,24.9,10.7,-0.506,-0.32799999999999996,527.3,1.2,39.5,114.7
2016,Arizona,9.3,170.0,213.7,25.5,76.9,59.0,53.9,10.1,18.6,51.0,72.3,4.59,5.7,-0.01,28.4,24.7,7148.0,14.0,12.2,-0.062,0.042,488.9,1.9,29.9,123.3
2016,California,11.4,169.9,229.9,19.5,76.9,65.1,77.1,10.0,11.4,50.4,75.0,5.2,4.5,0.287,24.2,20.0,5528.0,11.7,10.5,0.27699999999999997,0.069,459.9,1.5,21.1,131.5
2016,Colorado,6.6,161.8,199.3,14.5,77.7,67.0,69.7,6.8,15.9,57.8,75.4,4.34,4.9,0.057,20.2,17.9,6095.0,15.6,9.2,0.373,0.18600000000000003,415.0,1.5,20.3,136.3
2016,Connecticut,8.8,173.2,217.2,14.8,83.3,74.9,75.8,9.3,15.1,58.2,80.6,5.11,4.8,-0.73,25.3,23.5,5451.0,13.5,6.5,0.618,0.13,372.1,1.3,11.5,197.8
2016,Delaware,9.5,198.5,247.5,16.3,81.2,66.5,45.6,11.5,18.1,51.7,79.3,4.23,6.5,0.51,29.7,29.4,7372.0,17.4,6.9,-0.003,-0.07400000000000001,483.2,1.2,20.7,151.4
2016,Florida,6.8,182.1,224.8,24.4,79.7,61.9,52.0,11.3,13.2,50.1,66.6,4.65,6.1,0.363,26.8,26.2,7179.0,15.8,15.0,-0.22699999999999998,-0.081,430.6,1.1,22.5,128.0
2016,Georgia,9.1,194.4,272.9,28.7,79.2,60.6,47.0,11.3,11.2,48.5,75.6,4.9,7.2,0.35700000000000004,30.7,27.3,7980.0,17.7,14.9,-0.355,-0.109,519.9,1.1,28.4,117.2
2016,Hawaii,7.0,158.4,206.6,14.6,73.2,71.6,75.6,8.5,11.2,48.1,73.8,4.18,5.5,0.14,22.7,22.5,5898.0,14.1,4.7,0.616,0.289,457.2,1.0,23.1,172.6
2016,Iowa,8.6,194.4,245.9,13.9,75.7,69.4,52.9,8.8,8.9,55.4,77.9,4.23,4.5,-0.303,32.1,26.3,6328.0,18.1,5.6,0.22899999999999998,0.114,382.0,1.5,19.8,139.1
2016,Idaho,8.5,177.8,229.2,17.7,72.3,64.3,56.7,8.1,13.1,56.8,71.6,4.43,5.5,-0.297,28.6,21.2,6652.0,13.8,12.3,0.231,0.125,337.6,1.7,23.2,93.7
2016,Illinois,10.8,199.6,253.8,15.6,78.2,63.9,67.6,9.9,12.6,51.4,70.8,4.96,6.3,-0.09300000000000001,30.8,24.8,6743.0,15.1,8.4,0.063,0.021,516.5,1.7,22.8,169.5
2016,Indiana,10.5,210.5,277.1,19.7,73.5,61.5,47.7,11.4,16.7,48.5,74.7,4.34,7.1,-0.473,31.3,29.4,8208.0,20.6,10.8,-0.228,-0.14400000000000002,434.0,1.4,28.0,121.3
2016,Kansas,8.0,192.6,249.6,20.4,74.1,67.3,50.9,9.7,11.7,51.6,75.2,4.42,6.4,-0.17300000000000001,34.2,26.5,7180.0,17.7,9.7,-0.057999999999999996,0.047,384.1,1.4,27.6,129.0
2016,Kentucky,9.1,232.2,297.8,25.0,76.5,61.0,55.3,13.4,24.1,45.3,73.0,5.01,6.7,-0.46299999999999997,34.6,32.5,9626.0,25.9,7.3,-0.36,-0.29100000000000004,401.9,1.0,35.3,117.7
2016,Louisiana,8.1,218.7,312.5,24.7,77.7,58.3,48.4,12.7,15.6,45.6,70.8,5.71,8.1,0.843,36.2,31.9,9958.0,21.9,13.4,-0.7070000000000001,-0.335,626.0,1.3,35.8,125.7
2016,Massachusetts,6.4,184.8,205.6,14.8,83.7,74.7,78.3,8.9,15.7,58.0,78.5,5.39,4.3,-0.523,24.3,26.5,5755.0,14.0,3.1,0.648,0.11199999999999999,317.8,1.2,10.6,227.5
2016,Maryland,9.1,189.2,252.5,13.8,83.7,70.2,72.0,10.3,15.3,57.1,76.8,4.56,6.5,-0.28,28.9,24.1,6836.0,15.1,7.3,0.315,0.006999999999999999,462.6,1.3,17.8,179.2
2016,Maine,6.8,203.1,220.8,19.5,81.2,63.6,50.7,9.9,13.6,56.3,71.8,4.65,6.9,-0.34,30.0,24.8,6812.0,19.5,9.3,0.22399999999999998,-0.032,265.8,1.1,16.5,183.7
2016,Michigan,8.6,201.0,288.7,21.1,79.2,68.6,61.0,10.7,15.7,48.9,67.6,4.7,6.8,-0.22699999999999998,31.2,25.5,7689.0,20.7,7.3,-0.136,-0.115,447.2,1.6,21.1,187.5
2016,Minnesota,8.0,179.2,188.2,8.0,78.3,72.6,60.3,7.6,9.3,58.8,73.2,4.33,5.0,-0.223,26.1,21.8,5369.0,16.2,5.2,0.456,0.271,367.3,2.9,15.5,159.3
2016,Missouri,9.1,209.3,283.6,12.4,75.6,58.6,48.4,11.5,17.0,51.2,71.0,4.59,6.3,-0.157,32.4,27.0,8239.0,22.3,10.8,-0.20199999999999999,-0.136,462.9,1.4,27.2,155.9
2016,Mississippi,8.1,227.5,344.8,28.4,76.0,56.8,42.9,14.7,11.0,42.6,70.6,5.25,8.9,1.05,35.6,36.8,10804.0,22.5,13.6,-0.745,-0.37799999999999995,655.4,1.4,38.0,102.3
2016,Montana,6.3,179.8,227.3,17.8,74.6,62.6,59.9,7.9,12.8,54.6,68.1,4.46,5.6,0.41700000000000004,23.6,22.5,7213.0,18.9,12.9,0.09,0.08800000000000001,413.0,2.4,26.4,110.8
2016,North Carolina,8.0,196.2,251.9,23.7,81.7,64.2,50.2,10.7,13.3,47.7,76.4,4.77,7.0,0.247,30.1,26.2,7746.0,19.0,12.2,-0.096,-0.099,478.7,1.3,25.9,128.3
2016,North Dakota,4.9,176.2,231.4,15.7,71.8,65.5,55.4,8.7,4.0,55.9,80.2,4.54,5.6,-0.273,31.0,26.8,6637.0,18.7,7.9,0.315,0.158,477.1,2.9,23.9,136.3
2016,Nebraska,7.3,186.9,227.0,15.0,75.1,66.4,65.9,8.8,7.1,55.3,73.8,4.39,5.2,-0.017,31.4,25.3,6529.0,17.1,9.0,0.28600000000000003,0.146,401.3,2.1,22.2,148.0
2016,New Hampshire,6.6,188.0,213.9,8.7,82.9,69.4,64.0,8.1,17.9,59.3,74.1,4.2,5.0,-0.843,26.3,22.6,6277.0,15.9,7.8,0.556,0.139,271.0,,11.0,157.4
2016,New Jersey,8.8,183.0,245.4,16.9,83.4,70.1,81.5,9.0,14.0,51.2,76.5,5.22,4.4,-0.77,25.6,27.2,5820.0,13.5,9.8,0.44299999999999995,0.128,336.0,1.5,13.1,165.2
2016,New Mexico,6.0,168.3,217.5,29.5,72.1,61.3,50.8,11.5,24.7,47.8,70.1,5.33,5.4,0.5429999999999999,28.8,22.6,8887.0,17.5,12.7,-0.33399999999999996,-0.028999999999999998,554.3,1.6,37.8,133.4
2016,Nevada,9.2,189.1,277.8,19.3,74.7,59.9,52.8,9.7,20.9,42.4,71.3,4.28,5.5,-0.857,26.7,24.7,7533.0,17.5,13.8,-0.295,-0.008,424.4,1.2,28.5,104.3
2016,New York,7.5,179.6,256.2,21.3,80.0,67.3,73.6,9.8,11.1,50.7,71.9,5.68,4.8,-0.273,25.0,29.3,5658.0,15.2,7.9,0.341,0.08900000000000001,502.8,1.3,16.1,206.2
2016,Ohio,10.2,208.6,278.7,20.9,77.9,65.3,52.3,11.0,21.1,51.8,68.3,4.72,7.1,-0.21,29.8,27.0,8063.0,21.6,7.5,-0.251,-0.14,474.1,1.4,25.1,162.0
2016,Oklahoma,8.7,215.2,325.9,19.0,74.3,56.8,50.3,11.7,20.9,44.7,75.4,4.62,7.5,0.3,33.9,33.2,9895.0,22.2,14.7,-0.428,-0.264,536.6,1.2,38.5,123.7
2016,Oregon,7.3,190.9,212.4,17.7,76.6,65.7,69.1,10.7,12.3,52.5,67.4,4.57,5.0,-0.5429999999999999,30.1,18.8,6523.0,17.1,8.4,0.239,-0.027999999999999997,394.6,1.2,20.0,139.6
2016,Pennsylvania,11.0,199.8,259.3,19.0,79.1,66.8,60.7,10.4,19.8,50.7,72.8,4.74,6.3,-0.603,30.0,27.8,7189.0,18.1,7.5,0.035,-0.052000000000000005,395.6,1.5,19.3,192.9
2016,Rhode Island,7.5,195.2,230.4,13.4,81.4,72.1,54.2,9.0,21.4,54.3,77.2,5.33,5.5,-0.31,26.0,28.1,6129.0,15.5,6.6,0.43799999999999994,-0.017,413.6,1.0,15.8,247.7
2016,South Carolina,7.9,202.7,274.1,18.8,79.0,58.3,48.0,11.8,13.4,50.8,68.2,4.67,6.7,0.873,31.7,26.7,8796.0,19.7,12.3,-0.345,-0.187,588.2,1.2,28.5,124.3
2016,South Dakota,6.3,185.5,233.8,20.8,74.0,70.5,53.6,9.3,6.6,54.8,75.6,4.15,6.2,0.43,30.4,21.5,7245.0,20.1,10.0,0.012,0.157,493.1,3.1,26.2,120.2
2016,Tennessee,8.6,215.6,302.7,22.0,80.2,58.3,49.6,12.7,18.3,45.2,70.1,4.69,6.9,-0.17,33.8,30.4,9369.0,21.9,11.2,-0.365,-0.262,474.0,1.2,33.0,135.1
2016,Texas,9.4,182.2,256.9,21.4,72.6,58.2,51.9,11.4,9.6,43.2,71.2,4.81,5.8,0.29,32.4,29.5,7183.0,15.2,18.1,-0.22399999999999998,0.016,496.1,1.2,37.8,110.3
2016,Utah,9.2,149.3,225.0,12.3,68.3,68.9,62.9,7.0,22.8,59.3,68.1,3.76,5.0,-0.1,24.5,20.3,6279.0,9.1,11.5,0.37,0.20800000000000002,283.5,2.0,19.4,96.7
2016,Virginia,7.8,189.2,239.0,13.6,81.1,69.3,63.6,10.3,10.1,53.7,64.4,4.79,6.0,-0.34,29.2,25.1,6508.0,16.5,10.0,0.209,0.055,436.4,1.3,18.4,138.1
2016,Vermont,5.6,190.5,226.9,17.3,79.6,72.2,56.7,8.2,13.1,60.5,75.6,4.46,4.5,-0.527,25.1,22.2,5980.0,16.0,4.4,0.627,0.08199999999999999,357.0,,14.2,173.0
2016,Washington,8.3,182.0,213.3,17.4,74.5,66.9,72.8,8.4,13.8,55.6,77.1,4.43,4.5,-0.63,26.4,19.0,5973.0,15.0,7.9,0.42700000000000005,0.156,381.2,1.8,19.1,141.4
2016,Wisconsin,7.9,191.6,236.8,18.3,77.5,70.1,55.3,8.4,14.0,54.3,68.8,4.16,6.0,0.337,30.7,21.6,6324.0,17.3,6.5,0.114,0.106,403.2,1.9,18.0,140.3
2016,West Virginia,7.9,223.9,297.9,20.6,82.3,54.2,48.6,14.5,32.2,43.2,64.9,4.86,7.3,-1.347,35.6,30.8,10245.0,25.7,7.3,-0.243,-0.35200000000000004,254.5,1.1,36.6,151.2
2016,Wyoming,4.4,172.0,234.4,12.2,74.9,65.0,54.1,8.4,17.7,57.0,73.3,4.22,5.5,-0.56,29.0,26.2,7916.0,19.1,11.8,0.008,0.10800000000000001,338.4,2.8,30.1,103.7
2016,United States,8.9,189.9,251.7,19.7,77.7,65.3,60.9,9.9,14.0,50.4,72.2,4.91,5.9,,29.8,26.2,7054.0,17.5,10.6,,,456.1,1.4,24.2,145.3
2016,District of Columbia,11.0,208.5,299.4,26.9,84.0,70.8,89.9,8.5,15.3,59.8,76.3,6.72,7.0,,22.1,19.4,8415.0,16.0,4.6,,,818.8,4.1,28.4,431.6
2017,Alaska,8.7,194.9,222.2,18.3,69.2,65.4,74.1,7.5,15.6,54.6,68.8,3.91,6.7,0.747,31.4,19.1,8342.0,19.0,14.5,-0.19,0.11699999999999999,768.3,2.3,29.5,133.7
2017,Alabama,8.9,210.6,339.6,24.3,79.9,62.3,43.7,14.6,14.3,43.8,77.3,5.31,8.5,0.363,35.7,29.4,10321.0,21.5,9.6,-0.42700000000000005,-0.335,543.6,1.2,30.1,119.3
2017,Arkansas,7.2,219.5,323.0,21.4,76.8,57.6,41.2,13.5,12.3,39.3,67.8,4.85,7.5,0.413,35.7,32.5,9972.0,23.6,8.7,-0.449,-0.32299999999999995,545.0,1.2,37.9,115.4
2017,Arizona,9.7,169.6,214.4,23.1,76.9,61.3,53.9,10.8,19.0,51.3,69.9,4.63,5.8,0.10300000000000001,29.0,23.1,7246.0,14.7,10.4,-0.157,0.047,481.1,1.9,26.3,126.0
2017,California,11.7,169.3,230.4,18.6,76.9,67.1,76.8,10.2,11.8,49.6,65.3,5.27,4.4,0.023,25.0,20.5,5647.0,11.0,8.0,0.245,0.109,487.5,1.5,19.0,135.1
2017,Colorado,6.6,160.9,203.0,8.4,77.7,67.0,69.7,6.6,16.0,57.6,76.4,4.41,4.7,0.147,22.3,15.8,6113.0,15.6,7.8,0.406,0.218,445.4,1.5,19.4,139.9
2017,Connecticut,8.6,173.7,218.4,16.3,83.3,77.8,76.1,9.8,18.4,56.2,75.7,4.9,5.2,-0.853,26.0,21.3,5771.0,13.3,5.5,0.564,0.135,364.9,1.3,10.2,209.4
2017,Delaware,9.1,197.2,250.7,16.9,81.2,66.2,44.3,10.6,20.0,52.6,78.1,4.3,7.9,-0.213,30.7,26.6,7871.0,17.7,5.8,-0.009000000000000001,-0.087,492.2,1.2,18.2,156.7
2017,Florida,6.8,182.1,229.0,18.7,79.7,63.0,52.3,11.8,14.1,49.1,67.1,4.61,6.2,0.27699999999999997,27.4,29.8,7412.0,15.5,12.9,-0.155,0.001,454.8,1.1,20.8,131.6
2017,Georgia,9.0,195.2,278.1,23.2,79.2,63.1,46.7,12.1,11.9,48.0,77.3,4.86,7.6,0.267,31.4,29.4,8185.0,17.9,13.4,-0.303,-0.129,570.8,1.1,25.6,119.9
2017,Hawaii,5.9,161.0,210.7,11.6,73.2,72.7,76.4,10.5,11.5,48.4,75.1,4.43,5.2,0.04,23.8,20.8,6031.0,13.1,3.8,0.6409999999999999,0.204,498.3,1.0,20.9,179.9
2017,Iowa,7.8,195.2,245.1,14.0,75.7,71.3,51.9,9.3,9.4,54.5,73.5,4.22,4.5,-0.207,32.0,22.7,6333.0,16.7,4.7,0.22899999999999998,0.147,388.9,1.5,18.5,142.3
2017,Idaho,5.9,181.3,233.4,13.5,72.3,63.3,55.8,8.9,13.7,50.9,73.9,4.37,5.1,0.523,27.4,20.2,6599.0,14.5,10.6,0.284,0.1,344.5,1.6,22.5,96.6
2017,Illinois,10.2,199.8,257.8,19.1,78.2,65.5,67.4,10.4,13.2,50.2,71.5,5.01,6.3,0.0,31.6,23.9,6825.0,15.8,6.8,0.006999999999999999,0.022000000000000002,540.4,1.7,21.1,175.3
2017,Indiana,9.7,210.5,277.5,13.9,73.5,61.9,46.8,11.5,17.9,48.8,68.8,4.38,7.2,-0.653,32.5,26.8,8471.0,21.1,8.9,-0.207,-0.15,437.9,1.4,26.1,123.4
2017,Kansas,7.3,194.3,253.5,15.9,74.1,66.6,50.5,9.4,11.8,52.7,76.4,4.35,6.1,0.177,31.2,23.5,7380.0,17.2,8.9,0.057,0.066,394.8,1.5,25.6,133.3
2017,Kentucky,8.8,233.6,296.4,20.7,76.5,61.8,54.6,13.1,25.5,44.1,74.5,5.18,6.9,-0.643,34.2,29.8,10042.0,24.5,5.6,-0.22899999999999998,-0.282,395.2,1.0,32.3,120.6
2017,Louisiana,7.8,218.2,316.2,28.3,77.7,56.6,48.2,12.1,17.7,46.3,66.8,5.65,7.6,0.9470000000000001,35.5,29.1,10003.0,22.8,11.1,-0.687,-0.22,695.2,1.4,34.3,131.1
2017,Massachusetts,6.2,183.6,208.3,11.0,83.7,73.7,80.7,9.3,19.8,60.2,85.3,5.35,4.4,-0.5429999999999999,23.6,20.0,5970.0,13.6,2.7,0.778,0.138,357.3,1.1,9.4,237.1
2017,Maryland,9.0,187.8,255.0,9.6,83.7,68.6,70.7,10.8,17.7,53.5,74.4,4.59,6.6,-0.353,29.9,23.1,7113.0,13.7,6.4,0.313,0.046,459.3,1.3,17.0,184.9
2017,Maine,6.4,205.7,227.4,19.6,81.2,63.6,50.0,10.6,16.7,54.7,70.6,4.61,6.6,-0.307,29.9,20.6,7144.0,19.8,8.2,0.273,-0.066,298.1,1.0,15.3,187.4
2017,Michigan,8.7,201.5,293.0,17.3,79.2,70.1,61.5,11.2,18.0,47.7,70.2,4.75,6.5,-0.49700000000000005,32.5,23.9,7853.0,20.4,5.8,-0.071,-0.136,469.1,1.6,19.3,193.0
2017,Minnesota,7.5,180.9,189.7,12.5,78.3,73.9,59.5,8.4,9.9,58.4,73.8,4.34,5.1,-0.02,27.8,18.0,5555.0,15.2,4.3,0.42200000000000004,0.254,389.3,3.0,13.7,162.3
2017,Missouri,8.3,209.0,288.6,18.6,75.6,61.3,48.5,11.5,17.6,52.2,66.9,4.53,6.3,-0.16699999999999998,31.7,24.9,8558.0,22.1,9.4,-0.273,-0.14800000000000002,477.4,1.4,25.2,160.4
2017,Mississippi,7.5,226.7,352.5,29.9,76.0,57.0,42.2,13.6,11.5,42.0,70.4,5.47,8.8,0.66,37.3,30.3,10950.0,22.7,12.3,-0.705,-0.331,580.2,1.4,34.7,105.9
2017,Montana,6.0,183.5,231.8,16.7,74.6,65.5,60.5,8.1,13.4,53.6,63.6,4.46,5.7,0.5329999999999999,25.5,19.9,8229.0,18.5,9.9,0.115,0.11800000000000001,408.8,2.4,25.5,113.6
2017,North Carolina,7.8,196.9,254.3,19.3,81.7,63.6,51.2,11.3,14.0,49.0,77.8,4.74,7.2,0.83,31.8,23.3,7889.0,17.9,10.8,-0.084,-0.094,647.4,1.3,23.6,130.9
2017,North Dakota,4.2,179.6,228.7,15.1,71.8,66.1,55.4,8.6,5.7,54.5,68.2,4.34,6.1,-0.107,31.9,22.2,7225.0,19.8,7.4,0.166,0.166,427.2,2.8,22.7,140.5
2017,Nebraska,7.0,187.3,232.2,14.1,75.1,68.7,65.1,8.8,6.7,53.6,80.6,4.27,5.4,0.44299999999999995,32.0,22.4,6592.0,17.0,8.4,0.26,0.142,422.9,2.1,22.1,150.7
2017,New Hampshire,5.9,188.1,217.0,7.6,82.9,71.9,63.4,9.0,24.4,59.8,78.0,4.15,4.2,-1.063,26.6,19.3,6572.0,18.0,6.1,0.547,0.075,233.3,,10.9,160.6
2017,New Jersey,8.5,182.2,245.4,12.7,83.4,73.4,80.7,9.2,14.8,50.3,70.2,5.29,4.6,-0.6829999999999999,27.3,29.8,5875.0,14.0,8.4,0.375,0.095,350.6,1.5,12.2,171.1
2017,New Mexico,5.7,169.0,219.2,22.4,72.1,62.3,51.4,11.6,24.9,43.5,68.5,5.15,5.2,0.89,28.3,20.3,8913.0,16.6,10.1,-0.196,-0.049,605.7,1.6,34.0,136.6
2017,Nevada,9.1,189.7,285.0,11.4,74.7,60.4,52.9,11.1,20.8,45.6,71.9,4.31,5.3,-0.597,25.8,24.7,7729.0,16.5,11.9,-0.195,-0.09,455.3,1.1,27.8,107.9
2017,New York,7.2,178.2,257.6,17.6,80.0,68.5,73.5,10.5,12.2,50.5,72.3,5.71,4.6,-0.213,25.5,26.3,5701.0,14.2,6.6,0.402,0.10400000000000001,524.7,1.3,14.8,215.5
2017,Ohio,9.6,208.7,283.6,21.6,77.9,67.9,52.0,11.1,24.5,50.3,68.0,4.73,7.0,-0.21,31.5,25.9,8492.0,22.5,6.1,-0.266,-0.14400000000000002,489.3,1.4,23.3,167.3
2017,Oklahoma,8.1,216.9,335.2,21.7,74.3,58.2,49.6,12.0,20.3,44.8,67.0,4.73,7.7,0.28,32.8,28.5,9951.0,19.6,13.9,-0.326,-0.268,542.2,1.2,34.7,127.5
2017,Oregon,6.8,190.6,217.6,18.2,76.6,67.9,67.9,9.5,12.3,52.6,58.1,4.51,5.1,0.01,28.7,17.2,6507.0,16.2,6.6,0.24600000000000002,0.051,410.7,1.2,19.2,143.8
2017,Pennsylvania,10.1,199.6,263.3,17.6,79.1,66.4,60.7,11.3,22.2,51.6,73.7,4.76,6.0,-0.41700000000000004,30.3,22.9,7541.0,18.0,6.0,0.06,-0.046,418.1,1.5,17.8,199.8
2017,Rhode Island,7.5,197.5,232.0,15.6,81.4,75.8,54.2,9.8,24.9,50.6,75.5,5.32,5.0,-0.5329999999999999,26.6,24.4,6516.0,14.4,5.0,0.45899999999999996,0.013000000000000001,433.6,1.0,14.3,256.3
2017,South Carolina,7.8,201.3,277.0,22.6,79.0,60.0,48.2,13.0,14.5,50.2,69.7,4.74,6.7,0.7929999999999999,32.3,26.9,9131.0,20.0,10.5,-0.424,-0.187,569.9,1.2,26.2,127.0
2017,South Dakota,5.5,184.7,233.9,19.4,74.0,70.3,52.3,7.9,7.5,56.0,70.4,4.1,6.6,0.163,29.6,18.9,7627.0,18.1,9.5,0.043,0.157,462.9,3.2,26.5,125.8
2017,Tennessee,8.2,216.5,308.0,21.9,80.2,59.1,49.2,12.7,19.9,46.7,67.4,4.65,6.9,-0.38,34.8,28.4,9467.0,22.1,9.7,-0.381,-0.257,477.5,1.1,30.6,138.5
2017,Texas,8.9,180.9,261.1,19.2,72.6,59.4,52.3,11.2,9.7,43.2,69.5,4.83,5.8,0.27699999999999997,33.6,25.2,7175.0,14.3,16.9,-0.214,0.027000000000000003,523.6,1.2,34.4,112.9
2017,Utah,8.1,150.5,231.8,9.0,68.3,72.9,61.7,7.2,22.9,59.7,72.2,3.75,5.0,-0.13,25.3,15.7,6399.0,8.8,9.7,0.491,0.243,293.3,1.9,17.9,99.8
2017,Virginia,7.5,190.1,239.1,13.0,81.1,70.5,63.6,10.4,11.3,52.7,65.9,4.79,5.8,-0.44299999999999995,29.0,23.3,6696.0,15.3,8.9,0.24100000000000002,0.062,424.5,1.3,17.1,141.8
2017,Vermont,5.5,192.5,231.6,12.3,79.6,71.9,57.0,8.4,14.9,61.2,76.8,4.62,4.6,-0.74,27.1,19.5,6326.0,17.0,3.8,0.674,0.115,303.4,,11.5,175.1
2017,Washington,7.8,183.3,215.7,15.1,74.5,68.2,71.6,9.4,14.2,53.6,75.7,4.37,4.7,0.3,28.6,17.6,6096.0,13.9,6.3,0.39,0.13,406.4,1.8,17.6,144.0
2017,Wisconsin,7.4,191.7,238.1,16.3,77.5,72.6,55.9,9.8,15.1,54.1,79.4,4.26,5.7,0.17,30.7,20.0,6437.0,17.1,5.5,0.201,0.07200000000000001,423.5,1.9,16.2,145.2
2017,West Virginia,7.7,226.9,295.5,27.3,82.3,57.6,47.9,15.0,35.3,42.1,64.7,5.0,7.1,-1.107,37.7,28.5,10478.0,24.8,5.7,-0.358,-0.33799999999999997,268.0,1.1,32.1,159.6
2017,Wyoming,3.8,170.3,233.1,13.9,74.9,66.7,53.1,8.3,17.6,51.9,62.8,4.36,5.7,-0.513,27.7,23.1,8130.0,18.9,11.5,-0.017,0.084,348.7,2.4,28.8,105.7
2017,United States,8.6,189.8,254.6,18.0,77.7,66.4,60.8,10.5,15.0,49.9,70.7,4.93,5.9,,29.9,23.1,7214.0,17.1,9.0,,,478.8,1.4,22.3,149.7
2017,District of Columbia,10.4,207.4,296.9,22.6,84.0,76.0,88.5,7.7,17.9,60.6,68.2,8.2,7.9,,22.6,16.2,8739.0,14.7,3.9,,,1198.1,4.1,25.8,451.1
2018,Alaska,7.4,192.1,226.1,14.1,75.1,65.4,79.5,7.4,16.5,53.2,69.5,4.23,6.1,0.973,34.2,20.6,8666.0,21.0,13.9,-0.22699999999999998,0.111,771.6,2.3,26.0,139.0
2018,Alabama,8.4,210.5,342.6,24.5,87.5,62.3,40.4,14.1,15.4,43.5,71.2,5.25,8.7,0.547,36.3,32.0,10720.0,20.9,9.3,-0.483,-0.35600000000000004,553.6,1.1,28.4,122.8
2018,Arkansas,7.1,218.6,330.2,23.8,82.8,57.6,41.7,12.2,13.2,41.6,69.4,4.72,7.8,0.56,35.0,32.5,10099.0,22.3,7.9,-0.361,-0.312,562.0,1.2,34.7,120.9
2018,Arizona,9.7,168.4,217.4,23.6,85.2,61.3,54.1,10.4,19.5,48.3,66.5,4.54,5.4,-0.19,29.5,25.1,7502.0,15.6,10.1,-0.168,0.063,511.5,2.0,23.4,126.1
2018,California,11.9,169.2,231.1,19.9,87.6,67.1,77.5,10.5,11.9,50.1,68.6,5.16,4.3,-0.273,25.1,20.0,5734.0,11.3,7.3,0.312,0.11900000000000001,506.2,1.5,17.0,138.3
2018,Colorado,6.7,162.3,207.4,13.4,86.0,67.0,70.5,7.4,16.2,57.4,71.0,4.28,4.7,0.027000000000000003,22.6,19.5,6352.0,14.6,7.5,0.371,0.217,468.6,1.5,17.8,141.3
2018,Connecticut,7.7,174.7,217.9,12.9,91.4,77.8,74.4,9.8,22.1,56.5,75.3,4.86,5.2,-0.657,26.9,24.0,5923.0,12.7,5.2,0.644,0.155,387.4,1.3,9.4,216.3
2018,Delaware,8.6,200.8,253.9,17.4,90.2,66.2,44.1,11.3,24.0,47.0,77.1,4.79,8.4,0.107,31.8,31.0,7992.0,17.0,5.6,0.004,-0.113,567.2,1.2,19.7,161.4
2018,Florida,7.1,181.4,233.1,21.0,89.3,63.0,51.5,10.5,17.7,48.7,76.2,4.64,6.2,0.22699999999999998,28.4,29.2,7790.0,16.1,12.7,-0.12,0.033,467.4,1.1,19.2,131.3
2018,Georgia,8.6,195.5,282.9,22.9,89.4,63.1,47.2,11.4,12.7,46.9,65.6,4.84,7.6,0.457,31.6,31.0,8391.0,17.5,13.2,-0.33,-0.064,614.6,1.2,23.5,121.9
2018,Hawaii,5.8,161.1,208.1,10.1,83.5,72.7,75.8,10.9,12.3,49.8,69.8,4.49,6.0,0.09699999999999999,23.8,23.5,6104.0,12.8,3.7,0.654,0.228,482.1,1.0,19.3,187.6
2018,Iowa,7.2,195.3,245.8,14.8,84.4,71.3,54.0,9.6,9.8,51.0,72.8,4.2,5.1,0.10300000000000001,36.4,25.0,6812.0,17.1,4.5,0.24,0.096,415.6,1.5,17.2,146.7
2018,Idaho,6.7,182.1,241.3,17.7,78.4,63.3,54.3,8.7,14.2,52.4,69.2,4.11,5.4,-0.747,29.3,24.2,6723.0,14.3,10.1,0.264,0.085,356.3,1.5,19.8,95.7
2018,Illinois,9.6,199.9,260.1,17.7,86.8,65.5,68.2,11.0,15.3,48.9,75.4,4.98,6.2,0.19,31.1,24.0,7127.0,15.5,6.7,0.083,-0.023,561.4,1.7,18.7,184.0
2018,Indiana,8.7,210.5,278.5,19.5,83.4,61.9,47.7,11.8,20.2,45.4,66.3,4.42,7.4,-0.44299999999999995,33.6,29.8,8774.0,21.8,8.2,-0.252,-0.18,466.0,1.4,23.5,126.0
2018,Kansas,6.9,195.5,258.2,14.1,84.8,66.6,49.7,10.5,11.6,51.1,69.5,4.27,5.9,-0.293,32.3,27.9,7350.0,17.4,8.7,0.013999999999999999,0.022000000000000002,417.6,1.5,21.9,136.9
2018,Kentucky,8.2,234.9,299.7,25.0,86.8,61.8,55.8,12.9,28.6,42.8,71.0,5.1,6.7,-0.09,34.3,34.4,10479.0,24.6,5.3,-0.292,-0.327,413.2,1.0,30.9,124.1
2018,Louisiana,8.0,215.3,320.0,28.6,85.9,56.6,48.5,13.6,18.9,43.0,70.0,5.8,7.8,0.977,36.2,31.8,10125.0,23.1,9.4,-0.667,-0.354,679.3,1.4,30.8,136.4
2018,Massachusetts,6.0,182.7,208.7,13.6,88.2,73.7,82.7,9.5,25.2,55.6,82.1,5.5,4.1,-0.4,25.8,24.8,6097.0,13.7,2.7,0.718,0.14800000000000002,394.5,1.1,8.5,245.0
2018,Maryland,8.3,188.1,257.7,12.7,91.0,68.6,70.4,10.4,23.9,52.1,75.2,4.53,6.6,-0.187,31.3,25.6,7655.0,13.8,6.1,0.29100000000000004,0.016,510.4,1.3,16.0,188.2
2018,Maine,6.5,205.8,230.1,17.2,85.4,63.6,52.5,10.7,21.6,56.4,72.7,4.55,6.2,-0.34299999999999997,29.1,25.2,7464.0,17.3,8.1,0.395,-0.046,312.6,1.0,14.8,194.3
2018,Michigan,8.3,203.0,297.8,20.7,89.2,70.1,61.2,11.0,20.8,48.7,69.9,4.6,6.5,-0.457,32.3,27.2,8102.0,19.3,5.3,-0.065,-0.13,462.9,1.6,17.7,200.9
2018,Minnesota,7.1,181.4,190.3,12.7,86.9,73.9,58.5,7.8,10.8,56.3,66.1,4.21,5.1,0.24,28.4,24.6,5653.0,14.5,4.3,0.38299999999999995,0.28300000000000003,413.2,3.1,12.6,165.9
2018,Missouri,7.9,207.2,291.7,19.2,85.6,61.3,48.5,10.4,19.5,48.6,71.2,4.52,6.5,0.047,32.5,29.2,8717.0,20.8,9.0,-0.242,-0.10300000000000001,507.0,1.5,23.4,166.4
2018,Mississippi,7.6,226.6,356.0,29.7,84.7,57.0,42.9,14.2,11.9,41.0,68.7,5.37,8.9,0.99,37.3,33.2,11082.0,22.2,11.9,-0.637,-0.373,672.1,1.4,32.6,108.6
2018,Montana,6.8,183.3,233.3,15.1,80.6,65.5,61.1,7.9,12.6,54.7,66.2,4.44,5.9,-0.36,25.3,25.0,7900.0,17.2,8.3,0.188,0.10800000000000001,427.5,2.5,23.7,115.2
2018,North Carolina,7.4,197.9,254.6,21.7,86.7,63.6,51.4,11.4,16.2,47.7,70.9,4.75,7.3,0.337,32.1,25.6,8177.0,17.2,10.6,-0.08,-0.11199999999999999,577.6,1.3,21.6,132.5
2018,North Dakota,4.5,177.8,228.0,12.4,80.9,66.1,57.9,9.0,8.3,52.9,78.8,4.48,6.8,-0.153,33.1,27.6,7047.0,18.3,7.3,0.275,0.141,456.5,2.9,20.5,149.5
2018,Nebraska,7.1,187.4,232.4,14.2,84.4,68.7,64.2,10.1,6.8,52.6,77.9,4.06,6.0,-0.16,32.8,25.4,6401.0,15.4,8.5,0.318,0.061,432.3,2.2,19.2,155.5
2018,New Hampshire,5.0,192.8,221.4,7.9,88.8,71.9,63.6,8.4,31.9,60.8,78.9,4.45,3.9,-0.81,28.1,23.9,7067.0,15.7,5.9,0.563,0.129,260.6,1.0,9.2,163.0
2018,New Jersey,8.3,182.3,245.4,14.6,91.1,73.4,77.6,11.0,17.6,52.3,69.3,5.13,4.4,-0.557,27.2,29.0,6225.0,13.7,7.9,0.38299999999999995,0.077,385.3,1.5,11.1,176.3
2018,New Mexico,5.8,168.9,225.0,30.1,82.1,62.3,54.1,10.7,25.6,42.2,71.9,5.16,5.6,0.48700000000000004,28.4,24.5,9301.0,17.5,9.2,-0.18600000000000003,-0.018000000000000002,628.6,1.7,29.6,141.6
2018,Nevada,8.8,190.1,294.2,19.1,84.8,60.4,53.1,10.4,21.0,43.1,71.3,4.23,5.5,-0.62,26.7,28.0,7899.0,17.6,11.3,-0.267,0.0,506.7,1.2,24.2,107.6
2018,New York,7.0,177.7,258.5,20.7,89.5,68.5,74.4,10.5,14.3,50.3,67.5,5.79,4.5,-0.083,25.7,27.2,5978.0,14.1,5.9,0.375,0.10099999999999999,552.8,1.3,13.4,223.7
2018,Ohio,9.0,210.3,286.5,20.5,85.3,67.9,52.7,11.3,30.4,49.4,66.4,4.67,7.3,0.04,33.8,29.6,8998.0,21.1,5.8,-0.251,-0.172,520.9,1.3,21.7,174.6
2018,Oklahoma,7.9,216.8,338.9,22.9,82.0,58.2,50.0,12.7,20.4,44.0,67.3,4.64,7.4,0.44,36.5,32.4,9992.0,20.1,14.0,-0.43200000000000005,-0.312,548.4,1.2,33.3,129.4
2018,Oregon,7.7,190.4,220.6,17.0,84.5,67.9,67.8,9.6,12.6,52.0,70.3,4.54,4.9,-0.51,29.4,21.4,6511.0,16.1,6.5,0.294,0.0,432.5,1.2,16.6,145.4
2018,Pennsylvania,9.7,200.3,265.7,18.5,86.1,66.4,60.3,10.6,28.1,50.2,70.4,4.96,6.1,-0.073,31.6,24.9,8013.0,18.7,5.6,0.022000000000000002,-0.036000000000000004,444.7,1.5,15.9,208.7
2018,Rhode Island,7.6,193.5,231.2,17.0,90.5,75.8,54.6,8.9,27.5,51.2,74.4,5.4,5.7,-0.207,30.0,26.3,6561.0,14.9,4.5,0.358,0.024,467.3,1.1,13.0,264.5
2018,South Carolina,7.4,202.0,277.7,23.0,87.5,60.0,48.3,13.4,16.1,49.8,66.0,4.77,7.0,0.79,34.1,28.4,9232.0,18.8,10.5,-0.379,-0.188,575.5,1.2,23.7,128.9
2018,South Dakota,5.4,188.0,238.3,16.9,82.1,70.3,53.5,11.1,8.0,56.1,74.7,4.31,6.1,0.52,31.9,24.9,7499.0,19.3,8.9,0.013000000000000001,0.053,504.5,3.3,25.0,130.9
2018,Tennessee,7.7,217.7,310.4,22.6,89.0,59.1,49.4,13.1,22.0,44.8,79.3,4.71,7.2,-0.177,32.8,30.6,9756.0,22.6,9.3,-0.28600000000000003,-0.281,489.4,1.1,28.0,140.2
2018,Texas,8.6,180.5,264.2,22.4,84.6,59.4,52.7,11.9,10.0,42.4,67.8,4.85,5.7,0.237,33.0,32.1,7199.0,15.7,17.0,-0.292,0.006,520.4,1.2,30.7,113.2
2018,Utah,8.3,150.4,236.1,11.1,80.0,72.9,61.2,7.1,22.9,55.6,67.9,3.76,5.2,-0.713,25.2,21.1,6565.0,8.9,9.0,0.506,0.196,315.7,1.8,15.7,99.2
2018,Virginia,7.2,190.7,239.6,14.3,87.0,70.5,62.5,10.5,13.4,52.5,77.1,4.73,5.9,-0.317,30.0,25.9,6877.0,16.4,8.8,0.28600000000000003,0.019,473.2,1.3,15.5,144.6
2018,Vermont,5.2,193.9,237.5,14.8,86.1,71.9,57.9,8.2,17.0,57.7,74.0,4.48,3.9,0.127,27.6,21.6,6563.0,15.8,4.2,0.636,0.083,269.9,,10.1,183.3
2018,Washington,8.0,184.3,217.6,13.7,85.6,68.2,70.9,9.1,14.6,51.3,69.9,4.4,4.6,-0.363,27.7,19.2,5942.0,13.5,6.1,0.45299999999999996,0.13,435.9,1.9,16.6,146.5
2018,Wisconsin,6.8,191.1,238.7,15.7,85.0,72.6,58.2,9.1,16.4,52.6,69.2,4.28,6.0,0.517,32.0,22.4,6821.0,16.0,5.4,0.174,0.045,466.0,2.0,15.0,150.1
2018,West Virginia,7.8,227.4,299.6,24.0,86.6,57.6,47.9,15.2,41.4,40.1,74.7,5.17,7.2,-1.0170000000000001,38.1,31.6,11136.0,26.0,5.7,-0.285,-0.318,261.4,1.2,29.4,168.5
2018,Wyoming,5.0,168.8,237.5,11.1,80.4,66.7,55.4,9.0,17.6,53.8,72.0,4.27,5.0,-0.787,28.8,25.7,7636.0,18.7,11.9,0.055999999999999994,0.153,351.5,2.3,26.4,109.4
2018,United States,8.4,189.8,256.8,19.5,85.9,66.4,60.9,10.5,16.9,49.0,70.4,4.92,5.9,,31.3,25.6,7432.0,17.1,8.7,,,497.3,1.4,20.3,156.7
2018,District of Columbia,10.4,203.2,304.8,25.8,90.5,76.0,103.9,7.8,27.2,63.9,74.0,7.48,7.8,,23.0,23.0,9092.0,14.5,3.9,,,1083.4,4.3,23.8,455.9
2019,Alaska,6.4,185.4,227.6,14.1,75.1,69.3,81.5,8.8,17.6,50.6,69.5,4.13,5.5,0.26,29.5,19.6,8513.0,19.1,13.2,-0.027000000000000003,0.10099999999999999,802.1,2.4,21.9,141.2
2019,Alabama,8.1,210.8,347.0,23.8,87.5,60.8,41.8,14.5,16.1,41.1,71.2,5.31,8.2,0.55,36.2,30.7,10435.0,19.2,9.7,-0.43700000000000006,-0.38299999999999995,614.1,1.2,27.0,122.8
2019,Arkansas,7.1,217.7,338.3,24.7,82.8,56.1,42.1,13.9,14.2,42.8,69.4,4.78,8.1,0.5429999999999999,37.1,31.0,10210.0,22.7,8.1,-0.478,-0.358,576.5,1.2,32.9,122.3
2019,Arizona,9.7,168.5,223.8,20.1,85.2,62.3,54.4,10.8,20.8,48.1,66.5,4.46,5.6,-0.1,29.5,22.1,7467.0,14.0,10.4,-0.187,0.039,564.4,2.0,21.9,125.8
2019,California,12.8,168.9,236.7,17.4,87.6,67.4,77.8,10.4,12.1,48.3,68.6,5.16,4.2,-0.033,25.8,21.0,5665.0,11.2,7.2,0.272,0.127,553.4,1.5,15.1,141.4
2019,Colorado,6.7,163.1,207.2,11.9,86.0,67.6,70.1,7.0,16.6,54.9,71.0,4.39,4.7,0.087,22.9,16.4,6288.0,14.5,7.5,0.34299999999999997,0.19399999999999998,481.4,1.4,16.1,143.4
2019,Connecticut,7.2,174.2,219.8,14.1,91.4,76.5,73.3,9.7,26.4,58.3,75.3,5.21,4.7,-0.54,27.4,22.4,6091.0,12.2,5.4,0.574,0.16,494.7,1.3,8.8,220.0
2019,Delaware,8.3,201.3,256.4,18.7,90.2,66.5,43.3,11.9,29.2,49.9,77.1,4.57,7.3,-0.06,33.5,26.8,8268.0,16.5,5.7,-0.012,-0.076,560.5,1.2,18.6,166.2
2019,Florida,7.4,181.1,236.7,19.7,89.3,65.7,51.2,12.6,21.4,48.3,76.2,4.68,6.1,0.253,30.7,26.8,7739.0,14.5,13.0,-0.17300000000000001,-0.04,476.6,1.1,18.2,131.3
2019,Georgia,8.3,194.8,285.3,20.5,89.4,62.5,46.8,12.6,13.6,46.7,65.6,4.87,7.4,0.243,32.5,26.2,8243.0,16.1,13.6,-0.315,-0.132,624.2,1.2,21.9,123.9
2019,Hawaii,5.4,159.1,209.8,11.9,83.5,75.3,76.0,11.5,13.3,49.3,69.8,4.4,5.7,-0.17300000000000001,24.9,19.9,6245.0,13.4,4.0,0.605,0.23399999999999999,479.8,1.0,19.1,193.9
2019,Iowa,7.1,195.3,252.2,13.5,84.4,70.8,54.1,10.0,10.6,53.7,72.8,4.21,5.7,0.073,35.3,22.9,6733.0,16.6,4.7,0.209,0.081,441.6,1.5,16.1,152.2
2019,Idaho,6.8,184.8,247.8,14.3,78.4,65.6,53.3,10.2,14.5,52.8,69.2,4.14,5.4,-0.78,28.4,20.5,6669.0,14.7,10.6,0.226,0.107,361.1,1.5,18.4,96.6
2019,Illinois,9.3,198.7,262.4,16.2,86.8,68.1,67.3,10.0,18.1,49.6,75.4,5.01,6.2,0.043,31.8,24.6,7158.0,15.5,6.9,0.078,0.017,589.9,1.8,17.4,190.0
2019,Indiana,8.4,209.5,282.6,18.0,83.4,64.4,48.0,12.5,23.7,47.6,66.3,4.31,7.4,-0.34,34.1,27.4,8995.0,21.1,8.3,-0.325,-0.168,514.2,1.4,22.9,127.2
2019,Kansas,7.0,194.7,261.8,14.9,84.8,67.9,50.1,11.6,11.6,50.5,69.5,4.41,6.0,-0.087,34.4,22.5,7608.0,17.2,8.8,-0.034,0.013000000000000001,465.3,1.6,21.3,138.1
2019,Kentucky,8.1,233.4,301.2,23.0,86.8,61.9,55.3,13.7,32.2,41.6,71.0,4.93,6.6,-0.067,36.6,32.4,10400.0,23.4,5.5,-0.311,-0.298,433.7,1.0,29.0,127.0
2019,Louisiana,7.9,214.5,323.5,26.2,85.9,58.1,47.8,14.1,21.3,46.4,70.0,5.53,7.5,0.87,36.8,30.8,10169.0,20.5,8.2,-0.64,-0.273,742.0,1.4,29.2,139.7
2019,Massachusetts,6.3,182.6,209.8,12.2,88.2,74.4,82.7,8.6,29.3,56.1,82.1,5.48,3.8,-0.293,25.7,22.4,6130.0,13.4,2.8,0.6859999999999999,0.162,427.3,1.1,8.0,247.4
2019,Maryland,7.7,187.2,262.1,11.6,91.0,66.8,70.6,12.0,30.2,51.6,75.2,4.51,6.5,-0.27699999999999997,30.9,22.9,7689.0,12.5,6.1,0.342,-0.03,552.1,1.3,14.2,192.1
2019,Maine,5.9,209.3,233.6,14.5,85.4,65.3,53.2,10.6,27.0,54.6,72.7,4.7,5.8,-0.373,30.4,22.5,7575.0,17.8,8.1,0.32,-0.07200000000000001,341.0,1.0,13.2,199.1
2019,Michigan,8.0,200.9,300.7,19.4,89.2,71.0,60.6,11.7,23.9,46.4,69.9,4.64,6.6,-0.25,33.0,23.8,8111.0,18.9,5.3,-0.1,-0.109,507.9,1.6,16.4,205.2
2019,Minnesota,6.6,181.8,193.8,11.7,86.9,73.9,58.5,8.9,12.1,56.5,66.1,4.31,4.9,0.193,30.1,20.5,5683.0,15.1,4.4,0.34299999999999997,0.228,422.1,3.3,12.1,169.5
2019,Missouri,7.5,206.3,295.3,18.3,85.6,63.3,49.4,11.5,21.1,48.9,71.2,4.52,6.4,0.07,35.0,26.1,8828.0,19.4,9.3,-0.252,-0.162,534.6,1.6,22.5,171.5
2019,Mississippi,7.7,226.8,363.2,27.8,84.7,54.1,43.1,14.3,12.1,40.3,68.7,5.28,8.6,0.9129999999999999,39.5,32.0,11043.0,20.5,12.1,-0.6559999999999999,-0.35,708.7,1.4,30.9,110.8
2019,Montana,6.6,185.4,240.2,16.0,80.6,66.4,61.0,9.3,12.4,55.8,66.2,4.35,5.6,-0.17,26.9,22.7,7660.0,18.0,8.4,0.09699999999999999,0.105,434.1,2.6,21.0,116.0
2019,North Carolina,7.2,196.1,257.2,20.2,86.7,65.4,52.2,12.5,19.5,46.1,70.9,4.66,7.1,0.5329999999999999,33.0,23.9,8276.0,17.4,10.7,-0.14800000000000002,-0.115,612.0,1.3,20.5,134.4
2019,North Dakota,4.6,176.8,227.5,9.9,80.9,67.6,54.3,9.4,9.3,53.9,78.8,4.35,5.4,-0.433,35.1,22.3,6914.0,19.1,7.4,0.21600000000000003,0.156,433.9,2.9,16.3,154.9
2019,Nebraska,7.1,187.6,236.4,12.9,84.4,67.7,65.3,9.7,7.2,53.6,77.9,4.25,5.9,-0.07,34.1,23.8,6555.0,16.0,8.3,0.249,0.07200000000000001,447.6,2.3,18.2,158.2
2019,New Hampshire,4.4,192.3,226.0,10.6,88.8,68.9,62.1,10.3,35.2,56.3,78.9,4.55,3.9,-0.953,29.6,21.5,6770.0,15.6,5.8,0.542,0.063,328.6,,8.4,162.9
2019,New Jersey,8.1,180.4,247.2,13.7,91.1,72.2,79.0,10.8,22.8,48.3,69.3,5.16,4.3,-0.5770000000000001,25.6,28.5,6329.0,13.1,7.6,0.419,0.134,391.3,1.5,10.4,181.0
2019,New Mexico,6.0,170.0,231.4,26.3,82.1,65.1,52.4,12.5,24.7,41.5,71.9,5.24,6.1,0.62,32.3,22.2,9135.0,15.2,9.3,-0.193,-0.07400000000000001,649.4,1.7,27.8,144.7
2019,Nevada,9.0,189.7,302.6,17.7,84.8,64.7,54.7,10.7,22.1,42.2,71.3,4.35,5.8,-0.643,29.5,25.0,7785.0,15.7,11.2,-0.195,-0.062,542.4,1.3,22.1,107.4
2019,New York,6.6,176.4,259.4,18.6,89.5,69.8,74.9,11.0,17.0,51.1,67.5,5.83,4.5,-0.203,27.6,23.8,5830.0,12.8,5.6,0.395,0.11800000000000001,588.5,1.3,12.7,230.7
2019,Ohio,8.5,210.9,291.3,19.5,85.3,67.4,53.4,12.2,37.3,49.4,66.4,4.73,7.3,-0.14,34.0,25.4,9399.0,20.5,6.3,-0.21,-0.191,526.6,1.4,20.8,178.2
2019,Oklahoma,8.2,219.2,347.5,21.7,82.0,60.4,49.2,12.5,20.3,44.6,67.3,4.59,7.6,0.41700000000000004,34.8,27.2,9945.0,19.7,14.2,-0.43700000000000006,-0.34,553.4,1.2,29.6,131.2
2019,Oregon,7.8,190.6,226.1,15.7,84.5,68.0,67.3,11.0,12.4,50.1,70.3,4.47,5.0,-0.48,29.9,19.3,6561.0,15.6,7.0,0.262,-0.03,449.8,1.3,15.1,147.4
2019,Pennsylvania,9.2,200.2,269.0,16.8,86.1,69.5,60.5,11.3,35.1,47.6,70.4,4.82,6.1,-0.34299999999999997,30.9,24.0,8186.0,17.0,5.5,0.057999999999999996,-0.055999999999999994,440.8,1.4,14.8,216.3
2019,Rhode Island,7.3,191.7,234.5,18.0,90.5,72.3,53.6,10.9,29.7,53.5,74.4,5.21,6.0,-0.08,27.7,25.3,6602.0,14.6,4.4,0.384,-0.006,498.5,1.1,11.4,274.9
2019,South Carolina,7.4,201.7,278.5,22.6,87.5,61.8,47.8,13.3,18.0,48.4,66.0,4.74,6.7,0.887,34.3,26.7,9255.0,18.0,10.8,-0.41100000000000003,-0.184,641.6,1.2,21.6,131.3
2019,South Dakota,5.1,188.9,240.1,16.4,82.1,68.0,51.3,9.3,8.4,53.8,74.7,3.87,6.3,0.13699999999999998,30.1,24.0,7838.0,19.0,9.5,-0.02,0.16899999999999998,510.2,3.5,22.4,131.4
2019,Tennessee,7.4,217.2,313.6,22.3,89.0,58.3,49.5,13.8,24.3,43.9,79.3,4.75,7.4,-0.27699999999999997,34.4,30.9,9931.0,20.7,9.8,-0.303,-0.33799999999999997,522.4,1.2,26.6,139.1
2019,Texas,8.3,180.3,267.7,21.1,84.6,60.7,52.9,12.6,10.3,44.9,67.8,4.86,5.8,0.13,34.8,25.6,7240.0,14.4,17.5,-0.26,0.016,535.4,1.2,27.5,113.5
2019,Utah,8.4,149.8,238.7,9.5,80.0,72.0,62.1,8.4,23.0,55.6,67.9,3.7,5.6,-0.25,27.7,17.5,6391.0,9.0,9.3,0.47600000000000003,0.152,326.7,1.8,15.1,102.0
2019,Virginia,6.9,190.1,242.6,13.7,87.0,71.7,62.6,10.5,15.4,52.5,77.1,4.87,5.9,-0.303,30.3,22.0,6914.0,14.9,8.8,0.293,0.055,500.3,1.3,15.0,148.1
2019,Vermont,5.1,197.0,238.7,12.1,86.1,72.6,56.8,9.2,19.9,58.1,74.0,4.4,4.0,0.017,27.5,18.9,6646.0,13.7,4.3,0.687,0.163,297.9,,10.0,188.7
2019,Washington,8.0,184.7,222.4,12.5,85.6,69.2,70.6,9.9,15.2,53.2,69.9,4.38,4.1,-0.303,28.7,17.6,6094.0,12.0,6.3,0.425,0.114,435.2,1.8,14.7,150.0
2019,Wisconsin,6.8,190.4,242.6,14.0,85.0,71.2,57.1,8.7,18.3,52.6,69.2,4.2,6.4,0.37,32.0,21.8,6800.0,16.4,5.5,0.129,0.07400000000000001,478.6,2.0,13.8,152.4
2019,West Virginia,7.6,224.9,303.7,24.5,86.6,55.3,48.0,16.2,48.3,42.7,74.7,5.01,7.2,-1.23,39.5,28.2,11448.0,25.2,6.3,-0.282,-0.375,228.0,1.1,27.1,172.8
2019,Wyoming,5.0,169.5,234.7,13.8,80.4,67.7,53.1,8.7,15.3,55.2,72.0,4.25,4.8,-0.6829999999999999,29.0,21.7,7412.0,18.8,11.4,0.113,0.184,369.7,2.4,24.5,111.0
2019,United States,8.4,189.3,260.4,18.0,85.9,67.6,61.0,10.9,19.2,48.8,70.4,4.93,5.8,,30.9,23.8,7447.0,16.1,8.8,,,524.6,1.4,18.8,159.6
2019,District of Columbia,9.8,195.7,303.1,23.1,90.5,73.8,102.8,8.4,38.8,61.2,74.0,7.26,7.6,,24.7,19.6,8844.0,13.8,3.5,,,1312.3,4.4,20.9,466.1
