year,state,id,state_code,latitude,longitude,deaths,births,maternal_mortality_ratio,population,employer,non_group,medicaid,medicare,military,uninsured,air_pollution_val,cancer_death_val,cardio_death_val,child_pov_val,choles_check_val,dent_vis_val,dentists_val,diabetes_val,drug_deaths_val,health_stat_fem_val,immun_child_val,income_ineq_val,infant_mort_val,infect_dis_val,obesity_val,phys_inac_val,prem_death_val,smoking_val,uninsured_val,all_determs_val,all_outcomes_val,chlamydia_val,prem_death_ri_val,teen_birth_val,primary_care_val
2015,Alabama,US.AL,AL,32.318231,-86.902298,12.0,59657.0,20.11,2505795.0,57.4,8.9,13.6,4.0,2.2,13.9,9.5,211.6,330.1,25.2,77.6,60.0,44.0,12.9,12.0,43.5,76.9,5.27,8.8,0.763,33.5,27.6,10095.0,21.1,12.9,-0.371,-0.325,611.0,1.2,34.3,103.5
2016,Alabama,US.AL,AL,32.318231,-86.902298,35.0,59151.0,59.17,2507714.0,58.7,9.1,13.8,3.8,1.9,12.7,9.1,211.1,332.9,22.3,79.9,60.0,43.8,13.5,13.1,43.8,70.6,5.24,8.6,0.777,35.6,31.9,10097.0,21.4,11.1,-0.4270000000000001,-0.366,600.2,1.1,32.0,116.4
2017,Alabama,US.AL,AL,32.318231,-86.902298,41.0,58941.0,69.56,2514911.0,58.0,8.6,13.6,4.2,2.3,13.3,8.9,210.6,339.6,24.3,79.9,62.3,43.7,14.6,14.3,43.8,77.3,5.31,8.5,0.363,35.7,29.4,10321.0,21.5,9.6,-0.4270000000000001,-0.335,543.6,1.2,30.1,119.3
2018,Alabama,US.AL,AL,32.318231,-86.902298,31.0,57761.0,53.67,2523756.0,58.8,7.5,13.7,3.6,2.5,13.9,8.4,210.5,342.6,24.5,87.5,62.3,40.4,14.1,15.4,43.5,71.2,5.25,8.7,0.547,36.3,32.0,10720.0,20.9,9.3,-0.483,-0.35600000000000004,553.6,1.1,28.4,122.8
2019,Alabama,US.AL,AL,32.318231,-86.902298,35.0,58615.0,59.71,2533668.0,58.8,7.8,13.9,3.8,2.4,13.3,8.1,210.8,347.0,23.8,87.5,60.8,41.8,14.5,16.1,41.1,71.2,5.31,8.2,0.55,36.2,30.7,10435.0,19.2,9.7,-0.4370000000000001,-0.383,614.1,1.2,27.0,122.8
2010,Arizona,US.AZ,AZ,34.048928000000004,-111.093731,17.0,87477.0,19.43,3216194.0,52.9,6.5,17.1,1.6,1.8,20.1,10.0,166.7,218.3,31.3,74.0,68.3,52.7,8.4,14.9,52.5,89.13,4.49,6.6,14.6,25.9,19.0,7492.0,16.1,19.5,-0.086,0.077,273.5,1.7,61.2,91.7
2011,Arizona,US.AZ,AZ,34.048928000000004,-111.093731,15.0,85543.0,17.54,3258634.0,52.0,6.7,17.3,2.0,1.8,20.2,9.3,170.9,210.3,27.3,74.0,70.1,53.6,9.0,15.4,53.1,88.68,4.44,6.2,9.7,24.7,22.0,7086.0,13.5,19.0,0.016,0.035,394.2,1.8,56.2,92.6
2012,Arizona,US.AZ,AZ,34.048928000000004,-111.093731,25.0,86441.0,28.92,3294772.0,52.6,7.1,16.0,1.7,1.9,20.7,9.4,171.1,218.3,24.7,73.8,70.1,53.9,9.6,16.0,49.8,88.38,4.64,6.0,10.8,25.1,24.2,7107.0,19.3,18.2,0.006,0.1,358.0,1.9,41.9,95.7
2013,Arizona,US.AZ,AZ,34.048928000000004,-111.093731,23.0,85600.0,26.87,3331505.0,52.7,7.2,15.1,1.8,1.8,21.3,9.6,169.6,215.0,26.2,73.7,61.6,53.5,10.6,17.1,50.5,67.5,4.58,5.9,0.051,26.0,22.5,7135.0,17.1,17.7,0.002,0.018000000000000002,358.0,1.9,38.5,96.0
2014,Arizona,US.AZ,AZ,34.048928000000004,-111.093731,24.0,86887.0,27.62,3387637.0,52.9,8.3,18.3,2.3,1.9,16.2,9.9,170.2,216.1,27.2,72.6,61.6,53.6,10.7,17.7,51.0,65.1,4.65,5.9,-0.1,26.8,25.2,7124.0,16.3,17.3,-0.008,-0.03,469.6,1.9,37.4,98.4
2015,Arizona,US.AZ,AZ,34.048928000000004,-111.093731,20.0,85351.0,23.43,3436575.0,53.4,9.4,20.6,2.0,1.8,12.8,9.7,169.6,216.6,28.5,72.6,59.0,54.5,10.0,18.1,50.5,66.1,4.71,5.6,0.373,28.9,21.2,7164.0,16.5,15.4,-0.141,0.07200000000000001,466.4,1.9,33.1,99.7
2016,Arizona,US.AZ,AZ,34.048928000000004,-111.093731,25.0,84520.0,29.58,3488176.0,53.9,8.9,22.0,1.9,1.7,11.6,9.3,170.0,213.7,25.5,76.9,59.0,53.9,10.1,18.6,51.0,72.3,4.59,5.7,-0.01,28.4,24.7,7148.0,14.0,12.2,-0.062,0.042,488.9,1.9,29.9,123.3
2017,Arizona,US.AZ,AZ,34.048928000000004,-111.093731,24.0,81872.0,29.31,3527969.0,55.9,7.8,20.8,1.8,1.8,12.0,9.7,169.6,214.4,23.1,76.9,61.3,53.9,10.8,19.0,51.3,69.9,4.63,5.8,0.103,29.0,23.1,7246.0,14.7,10.4,-0.157,0.047,481.1,1.9,26.3,126.0
2018,Arizona,US.AZ,AZ,34.048928000000004,-111.093731,24.0,80723.0,29.73,3606307.0,55.5,7.4,20.0,2.0,1.8,13.4,9.7,168.4,217.4,23.6,85.2,61.3,54.1,10.4,19.5,48.3,66.5,4.54,5.4,-0.19,29.5,25.1,7502.0,15.6,10.1,-0.168,0.063,511.5,2.0,23.4,126.1
2019,Arizona,US.AZ,AZ,34.048928000000004,-111.093731,32.0,79375.0,40.31,3661420.0,56.8,6.9,18.8,1.9,1.7,13.8,9.7,168.5,223.8,20.1,85.2,62.3,54.4,10.8,20.8,48.1,66.5,4.46,5.6,-0.1,29.5,22.1,7467.0,14.0,10.4,-0.187,0.039,564.4,2.0,21.9,125.8
2009,Arkansas,US.AR,AR,35.20105,-91.831833,20.0,39808.0,50.24,1475013.0,54.1,5.8,11.8,3.6,1.5,23.1,11.8,213.1,327.4,20.8,70.3,63.5,38.6,9.5,10.4,48.1,78.0,4.69,8.1,13.4,29.5,29.7,9928.0,22.3,17.0,-0.264,-0.14,351.1,1.4,62.3,98.5
2010,Arkansas,US.AR,AR,35.20105,-91.831833,13.0,38540.0,33.73,1484281.0,52.2,5.8,11.7,4.1,1.9,24.4,11.4,212.4,320.6,25.7,74.1,63.5,38.8,10.1,11.4,48.7,83.65,4.73,7.5,12.7,31.5,29.8,9786.0,21.5,18.5,-0.459,-0.132,495.1,1.4,61.7,98.6
2011,Arkansas,US.AR,AR,35.20105,-91.831833,10.0,38715.0,25.83,1495200.0,53.2,5.6,12.0,3.4,1.6,24.1,10.9,216.4,316.5,21.8,74.1,61.1,39.4,9.6,12.1,47.4,89.65,4.65,7.5,18.8,30.9,29.8,10017.0,22.9,18.9,-0.473,-0.15,496.8,1.3,61.8,99.5
2012,Arkansas,US.AR,AR,35.20105,-91.831833,18.0,38347.0,46.94,1500641.0,53.9,5.7,11.3,3.9,1.8,23.5,10.8,216.4,319.4,25.4,70.9,61.1,39.3,11.2,12.6,41.2,91.0,4.99,7.5,19.3,30.9,30.9,10098.0,27.0,18.0,-0.586,-0.28300000000000003,529.0,1.3,52.5,98.0
2013,Arkansas,US.AR,AR,35.20105,-91.831833,15.0,37832.0,39.65,1505782.0,52.8,6.3,12.3,3.7,2.0,22.9,10.7,214.2,311.7,29.6,70.9,54.9,39.5,11.3,12.4,42.3,66.4,4.88,7.4,0.521,34.5,31.4,9620.0,25.0,17.9,-0.627,-0.266,550.5,1.3,50.7,99.9
2014,Arkansas,US.AR,AR,35.20105,-91.831833,23.0,38511.0,59.72,1509053.0,52.8,8.4,17.7,3.9,1.6,15.5,10.3,214.9,313.7,23.8,72.3,54.9,40.2,11.5,12.6,43.4,57.1,4.82,7.2,0.9,34.6,34.4,9656.0,25.9,16.2,-0.655,-0.279,565.4,1.2,45.7,102.6
2015,Arkansas,US.AR,AR,35.20105,-91.831833,16.0,38886.0,41.15,1515348.0,53.2,9.8,20.3,3.4,1.3,11.9,9.7,216.9,313.4,29.7,72.3,57.1,40.9,12.7,12.1,43.1,66.0,4.76,7.3,0.883,35.9,30.7,9586.0,24.7,13.9,-0.584,-0.304,523.8,1.2,43.5,105.3
2016,Arkansas,US.AR,AR,35.20105,-91.831833,17.0,38274.0,44.42,1520375.0,53.2,9.3,22.0,3.5,1.6,10.3,7.5,218.1,317.3,20.8,76.8,57.1,40.9,12.6,12.1,43.4,66.6,4.79,7.6,0.573,34.5,34.2,9762.0,24.9,10.7,-0.506,-0.328,527.3,1.2,39.5,114.7
2017,Arkansas,US.AR,AR,35.20105,-91.831833,14.0,37520.0,37.31,1528215.0,53.9,8.7,22.0,3.7,1.8,9.9,7.2,219.5,323.0,21.4,76.8,57.6,41.2,13.5,12.3,39.3,67.8,4.85,7.5,0.413,35.7,32.5,9972.0,23.6,8.7,-0.449,-0.32299999999999995,545.0,1.2,37.9,115.4
2018,Arkansas,US.AR,AR,35.20105,-91.831833,23.0,37018.0,62.13,1533682.0,53.4,8.1,23.7,3.6,1.2,10.0,7.1,218.6,330.2,23.8,82.8,57.6,41.7,12.2,13.2,41.6,69.4,4.72,7.8,0.56,35.0,32.5,10099.0,22.3,7.9,-0.361,-0.312,562.0,1.2,34.7,120.9
2019,Arkansas,US.AR,AR,35.20105,-91.831833,14.0,36564.0,38.29,1536188.0,53.6,7.6,22.6,3.5,1.5,11.3,7.1,217.7,338.3,24.7,82.8,56.1,42.1,13.9,14.2,42.8,69.4,4.78,8.1,0.5429999999999999,37.1,31.0,10210.0,22.7,8.1,-0.478,-0.358,576.5,1.2,32.9,122.3
2009,California,US.CA,CA,36.778261,-119.417932,107.0,527020.0,20.3,18583075.0,55.4,8.6,12.2,1.3,0.9,21.6,13.9,173.9,270.0,20.2,74.7,70.3,75.9,8.5,10.0,51.4,80.6,4.86,5.1,22.9,24.3,23.3,6339.0,14.0,18.4,0.134,0.14300000000000002,388.3,1.7,39.9,118.7
2010,California,US.CA,CA,36.778261,-119.417932,82.0,510198.0,16.07,18736126.0,54.0,8.0,13.1,1.2,1.0,22.5,15.2,173.3,262.0,21.0,74.5,70.3,76.4,9.1,10.5,50.4,88.83,4.84,5.1,20.0,25.5,22.1,6249.0,12.9,19.3,0.075,0.147,404.8,1.6,39.7,118.8
2011,California,US.CA,CA,36.778261,-119.417932,71.0,502120.0,14.14,18943585.0,53.7,7.8,13.7,1.2,1.0,22.6,15.1,172.9,250.4,23.0,74.5,69.6,77.2,8.6,10.9,52.0,88.05,4.97,5.0,8.5,24.7,20.4,6015.0,12.1,19.4,0.115,0.151,397.2,1.6,38.4,119.0
2012,California,US.CA,CA,36.778261,-119.417932,81.0,503755.0,16.08,19122866.0,53.5,7.8,14.0,1.3,1.1,22.5,15.3,172.3,241.3,24.0,75.5,69.6,77.0,8.9,11.0,51.4,90.78,5.21,4.8,17.0,23.8,19.1,6190.0,13.7,19.6,0.198,0.08199999999999999,403.8,1.5,31.5,118.2
2013,California,US.CA,CA,36.778261,-119.417932,77.0,494705.0,15.56,19268325.0,53.3,8.1,14.6,1.3,1.1,21.6,15.1,170.9,235.0,22.0,75.5,67.0,76.1,9.8,11.2,53.0,66.8,5.24,4.8,-0.252,25.0,18.0,5873.0,12.6,18.8,0.227,0.083,447.7,1.5,28.7,118.2
2014,California,US.CA,CA,36.778261,-119.417932,88.0,502879.0,17.5,19533596.0,53.8,9.4,18.7,1.5,1.0,15.5,13.9,171.0,234.4,20.3,75.2,67.0,76.5,10.2,11.0,49.4,69.3,5.25,4.6,-0.4,24.1,21.4,5590.0,12.5,17.5,0.294,0.054000000000000006,444.9,1.5,26.5,122.2
2015,California,US.CA,CA,36.778261,-119.417932,84.0,491748.0,17.08,19701750.0,54.2,10.0,23.0,1.5,1.0,10.2,12.5,170.1,233.6,22.9,75.2,65.1,76.6,10.3,11.3,50.2,77.9,5.25,4.6,-0.287,24.7,21.7,5609.0,12.8,14.8,0.284,0.07,439.9,1.5,23.6,123.3
2016,California,US.CA,CA,36.778261,-119.417932,91.0,488827.0,18.62,19756656.0,55.0,9.7,24.0,1.4,1.0,8.8,11.4,169.9,229.9,19.5,76.9,65.1,77.1,10.0,11.4,50.4,75.0,5.2,4.5,0.287,24.2,20.0,5528.0,11.7,10.5,0.277,0.069,459.9,1.5,21.1,131.5
2017,California,US.CA,CA,36.778261,-119.417932,90.0,471658.0,19.08,19889100.0,55.6,9.8,23.6,1.4,0.9,8.6,11.7,169.3,230.4,18.6,76.9,67.1,76.8,10.2,11.8,49.6,65.3,5.27,4.4,0.023,25.0,20.5,5647.0,11.0,8.0,0.245,0.109,487.5,1.5,19.0,135.1
2018,California,US.CA,CA,36.778261,-119.417932,81.0,454920.0,17.81,19893468.0,56.2,9.5,23.5,1.3,1.0,8.6,11.9,169.2,231.1,19.9,87.6,67.1,77.5,10.5,11.9,50.1,68.6,5.16,4.3,-0.273,25.1,20.0,5734.0,11.3,7.3,0.312,0.119,506.2,1.5,17.0,138.3
2019,California,US.CA,CA,36.778261,-119.417932,71.0,446479.0,15.9,19867369.0,57.0,8.7,22.5,1.3,0.9,9.5,12.8,168.9,236.7,17.4,87.6,67.4,77.8,10.4,12.1,48.3,68.6,5.16,4.2,-0.033,25.8,21.0,5665.0,11.2,7.2,0.272,0.127,553.4,1.5,15.1,141.4
2013,Colorado,US.CO,CO,39.550051,-105.782067,12.0,65007.0,18.46,2621921.0,58.8,9.9,10.0,1.5,3.0,16.7,6.7,163.0,197.2,14.8,74.7,65.3,68.1,7.4,14.7,57.0,71.7,4.56,5.7,-0.191,20.5,17.0,6112.0,17.7,14.7,0.39,0.175,433.7,1.5,28.9,117.9
2014,Colorado,US.CO,CO,39.550051,-105.782067,16.0,65830.0,24.31,2664707.0,59.0,10.4,14.3,1.4,2.8,12.1,6.8,163.0,197.1,14.0,76.4,65.3,68.6,6.5,14.8,57.7,69.2,4.51,5.1,-0.22,21.3,17.9,5991.0,17.7,14.4,0.35,0.223,422.7,1.4,25.4,120.7
2015,Colorado,US.CO,CO,39.550051,-105.782067,10.0,66581.0,15.02,2712811.0,58.9,10.5,16.8,1.7,2.7,9.3,7.0,162.2,196.2,17.2,76.4,67.0,68.7,7.3,15.8,57.1,72.8,4.47,4.8,0.097,21.3,16.4,5982.0,15.7,12.2,0.324,0.236,393.0,1.4,23.4,123.2
2016,Colorado,US.CO,CO,39.550051,-105.782067,16.0,66613.0,24.02,2754727.0,60.0,10.4,17.1,1.5,2.4,8.5,6.6,161.8,199.3,14.5,77.7,67.0,69.7,6.8,15.9,57.8,75.4,4.34,4.9,0.057,20.2,17.9,6095.0,15.6,9.2,0.373,0.18600000000000005,415.0,1.5,20.3,136.3
2017,Colorado,US.CO,CO,39.550051,-105.782067,18.0,64382.0,27.96,2784821.0,60.4,9.7,16.9,1.3,2.6,9.0,6.6,160.9,203.0,8.4,77.7,67.0,69.7,6.6,16.0,57.6,76.4,4.41,4.7,0.147,22.3,15.8,6113.0,15.6,7.8,0.406,0.218,445.4,1.5,19.4,139.9
2019,Colorado,US.CO,CO,39.550051,-105.782067,15.0,62869.0,23.86,2857388.0,63.5,9.2,14.0,1.3,2.5,9.5,6.7,163.1,207.2,11.9,86.0,67.6,70.1,7.0,16.6,54.9,71.0,4.39,4.7,0.087,22.9,16.4,6288.0,14.5,7.5,0.343,0.194,481.4,1.4,16.1,143.4
2011,Connecticut,US.CT,CT,41.60322100000001,-73.087749,14.0,37281.0,37.55,1835893.0,67.5,6.3,14.3,1.5,0.6,9.8,9.9,178.3,239.2,11.3,82.7,81.6,72.5,7.3,11.3,60.8,95.98,4.91,5.8,3.6,23.0,20.7,5768.0,13.2,11.1,0.758,0.252,344.7,1.5,22.9,164.0
2017,Connecticut,US.CT,CT,41.60322100000001,-73.087749,11.0,35221.0,31.23,1836384.0,64.5,7.7,18.8,1.9,0.7,6.3,8.6,173.7,218.4,16.3,83.3,77.8,76.1,9.8,18.4,56.2,75.7,4.9,5.2,-0.853,26.0,21.3,5771.0,13.3,5.5,0.564,0.135,364.9,1.3,10.2,209.4
2009,Florida,US.FL,FL,27.664827,-81.515754,71.0,221394.0,32.07,9534289.0,53.6,7.6,9.3,2.0,1.9,25.5,9.0,182.7,240.8,18.3,78.5,69.0,49.4,9.5,14.5,52.1,81.8,4.47,7.1,33.9,25.2,25.9,8137.0,17.5,20.1,-0.122,-0.071,315.5,1.3,45.2,107.5
2010,Florida,US.FL,FL,27.664827,-81.515754,47.0,214590.0,21.9,9611955.0,51.6,7.5,9.7,2.1,1.9,27.1,8.3,182.3,231.4,21.0,81.9,69.1,49.4,9.8,15.4,53.7,91.93,4.43,7.1,30.7,26.5,24.7,8078.0,17.1,21.2,-0.124,-0.069,387.5,1.3,45.5,108.0
2011,Florida,US.FL,FL,27.664827,-81.515754,50.0,213414.0,23.43,9736166.0,51.3,7.6,10.2,2.1,1.9,26.9,7.8,183.1,222.9,22.3,81.9,66.4,49.9,10.4,16.2,53.3,94.65,4.57,7.0,8.8,27.2,24.0,7964.0,17.1,21.3,-0.012,-0.108,393.4,1.3,42.8,109.7
2012,Florida,US.FL,FL,27.664827,-81.515754,64.0,213148.0,30.03,9869741.0,50.5,7.8,11.5,2.1,1.9,26.2,7.6,184.0,230.4,22.1,79.0,66.4,50.4,10.4,16.5,48.8,91.25,4.69,6.7,9.1,26.6,26.9,7893.0,19.3,20.2,-0.146,-0.022,397.5,1.2,32.0,108.4
2013,Florida,US.FL,FL,27.664827,-81.515754,83.0,215407.0,38.53,9990213.0,49.8,7.9,11.7,2.1,2.1,26.4,7.6,182.6,223.8,21.5,79.0,59.8,50.2,11.4,16.3,48.8,68.6,4.7,6.5,0.196,25.2,23.2,7536.0,17.7,20.6,-0.126,-0.084,404.4,1.2,29.5,107.6
2014,Florida,US.FL,FL,27.664827,-81.515754,62.0,219991.0,28.18,10170011.0,49.9,11.5,12.6,2.1,2.1,21.8,7.4,182.7,223.0,19.3,79.5,59.8,50.5,11.2,15.2,48.8,70.0,4.65,6.2,0.37,26.4,27.7,7116.0,16.8,20.0,-0.098,-0.051,407.4,1.2,28.0,110.0
2015,Florida,US.FL,FL,27.664827,-81.515754,68.0,224269.0,30.32,10368733.0,50.8,14.4,13.2,2.1,2.2,17.4,7.2,182.0,221.0,24.2,79.5,61.9,50.7,11.2,13.9,48.1,72.7,4.68,6.1,0.423,26.2,23.7,7059.0,17.6,18.3,-0.163,-0.011,415.1,1.2,24.6,111.7
2016,Florida,US.FL,FL,27.664827,-81.515754,50.0,225022.0,22.22,10542288.0,50.9,14.5,13.6,2.4,2.0,16.6,6.8,182.1,224.8,24.4,79.7,61.9,52.0,11.3,13.2,50.1,66.6,4.65,6.1,0.363,26.8,26.2,7179.0,15.8,15.0,-0.227,-0.081,430.6,1.1,22.5,128.0
2017,Florida,US.FL,FL,27.664827,-81.515754,48.0,223630.0,21.46,10727581.0,52.0,13.9,12.8,2.2,2.1,17.1,6.8,182.1,229.0,18.7,79.7,63.0,52.3,11.8,14.1,49.1,67.1,4.61,6.2,0.277,27.4,29.8,7412.0,15.5,12.9,-0.155,0.001,454.8,1.1,20.8,131.6
2018,Florida,US.FL,FL,27.664827,-81.515754,54.0,221542.0,24.37,10887548.0,52.6,13.7,12.2,2.2,2.0,17.4,7.1,181.4,233.1,21.0,89.3,63.0,51.5,10.5,17.7,48.7,76.2,4.64,6.2,0.227,28.4,29.2,7790.0,16.1,12.7,-0.12,0.033,467.4,1.1,19.2,131.3
2019,Florida,US.FL,FL,27.664827,-81.515754,69.0,220002.0,31.36,10980681.0,52.9,13.8,11.8,2.3,1.9,17.3,7.4,181.1,236.7,19.7,89.3,65.7,51.2,12.6,21.4,48.3,76.2,4.68,6.1,0.253,30.7,26.8,7739.0,14.5,13.0,-0.173,-0.04,476.6,1.1,18.2,131.3
2009,Georgia,US.GA,GA,32.157435,-82.907123,36.0,141377.0,25.46,4917756.0,58.2,6.1,8.6,2.1,2.1,23.0,13.9,193.9,304.3,21.5,79.7,71.8,45.2,9.8,9.1,52.9,72.7,4.75,8.0,27.3,27.8,23.1,8421.0,19.5,17.7,-0.404,-0.062,449.6,1.3,54.2,101.2
2010,Georgia,US.GA,GA,32.157435,-82.907123,38.0,133947.0,28.37,4958482.0,56.1,5.9,8.9,2.1,2.3,24.8,12.9,190.5,292.1,23.3,78.8,71.8,45.5,9.5,9.6,53.0,90.63,4.89,8.0,24.5,27.7,24.2,8324.0,17.7,19.2,-0.209,-0.011,440.1,1.3,54.9,99.8
2011,Georgia,US.GA,GA,32.157435,-82.907123,48.0,132409.0,36.25,5012403.0,55.6,5.7,9.3,1.8,2.5,25.0,12.0,193.4,285.2,24.7,78.8,70.2,45.8,9.7,10.0,51.8,92.28,4.92,7.7,12.0,30.4,25.1,8148.0,17.6,19.9,-0.212,-0.063,405.2,1.3,51.8,100.2
2012,Georgia,US.GA,GA,32.157435,-82.907123,40.0,130280.0,30.7,5068921.0,55.9,5.7,9.7,2.2,2.5,24.0,11.5,191.9,283.9,24.7,76.4,70.2,46.4,10.2,10.4,48.2,93.63,5.09,6.9,11.9,28.0,26.7,8391.0,21.2,19.3,-0.287,-0.083,466.0,1.2,41.4,102.3
2013,Georgia,US.GA,GA,32.157435,-82.907123,82.0,128748.0,63.69,5110806.0,55.4,5.7,9.4,2.0,2.7,24.7,11.2,191.6,277.0,27.1,76.4,64.1,46.6,9.9,10.7,46.9,74.7,5.12,6.6,0.39,29.1,23.6,8243.0,20.4,19.2,-0.298,-0.018000000000000002,561.6,1.2,38.2,102.5
2014,Georgia,US.GA,GA,32.157435,-82.907123,104.0,130946.0,79.42,5170356.0,56.6,7.7,10.5,2.3,2.3,20.6,10.3,192.3,273.0,23.2,77.5,64.1,46.7,10.8,10.8,47.3,69.8,5.03,6.5,0.45,30.3,27.2,7624.0,18.8,18.6,-0.292,-0.03,534.0,1.1,33.8,105.4
2015,Georgia,US.GA,GA,32.157435,-82.907123,98.0,131404.0,74.58,5234978.0,57.3,9.6,10.5,2.2,2.5,17.9,9.8,192.8,269.8,25.6,77.5,60.6,47.0,11.6,10.8,48.7,74.0,4.97,6.6,0.46,30.5,23.6,7880.0,17.4,17.3,-0.28800000000000003,-0.083,514.8,1.1,30.5,107.1
2016,Georgia,US.GA,GA,32.157435,-82.907123,73.0,130042.0,56.14,5289906.0,57.4,9.9,11.1,2.2,2.7,16.8,9.1,194.4,272.9,28.7,79.2,60.6,47.0,11.3,11.2,48.5,75.6,4.9,7.2,0.35700000000000004,30.7,27.3,7980.0,17.7,14.9,-0.355,-0.109,519.9,1.1,28.4,117.2
2017,Georgia,US.GA,GA,32.157435,-82.907123,74.0,129243.0,57.26,5353872.0,59.0,8.9,10.3,2.2,2.5,17.2,9.0,195.2,278.1,23.2,79.2,63.1,46.7,12.1,11.9,48.0,77.3,4.86,7.6,0.267,31.4,29.4,8185.0,17.9,13.4,-0.303,-0.129,570.8,1.1,25.6,119.9
2018,Georgia,US.GA,GA,32.157435,-82.907123,62.0,126172.0,49.14,5404059.0,59.2,7.7,10.7,2.2,2.6,17.7,8.6,195.5,282.9,22.9,89.4,63.1,47.2,11.4,12.7,46.9,65.6,4.84,7.6,0.457,31.6,31.0,8391.0,17.5,13.2,-0.33,-0.064,614.6,1.2,23.5,121.9
2019,Georgia,US.GA,GA,32.157435,-82.907123,64.0,126371.0,50.64,5456999.0,60.4,7.5,10.5,2.3,2.3,17.0,8.3,194.8,285.3,20.5,89.4,62.5,46.8,12.6,13.6,46.7,65.6,4.87,7.4,0.243,32.5,26.2,8243.0,16.1,13.6,-0.315,-0.132,624.2,1.2,21.9,123.9
2010,Idaho,US.ID,ID,44.068202,-114.742041,10.0,23198.0,43.11,782258.0,56.0,10.3,7.2,1.6,1.4,23.4,8.2,175.8,238.3,19.7,69.4,69.5,59.4,7.9,9.4,56.4,90.28,3.91,6.3,3.6,25.1,21.0,6628.0,16.3,15.4,0.419,0.135,275.2,1.0,41.4,76.1
2009,Illinois,US.IL,IL,40.633125,-89.398528,35.0,171163.0,20.45,6520723.0,62.9,6.2,12.5,1.5,0.6,16.4,13.2,200.1,284.7,19.3,74.4,68.8,62.9,8.3,9.6,53.2,78.1,4.62,7.0,16.7,26.9,28.0,7076.0,21.3,13.1,-0.109,0.067,431.6,1.9,39.5,129.1
2010,Illinois,US.IL,IL,40.633125,-89.398528,29.0,165200.0,17.55,6538356.0,61.7,6.2,12.5,1.6,0.5,17.5,12.5,199.7,276.3,19.5,75.6,68.9,63.5,8.1,10.3,53.4,89.48,4.75,6.9,16.1,27.4,23.6,6979.0,18.6,13.9,-0.036000000000000004,0.066,458.6,1.8,40.0,129.5
2011,Illinois,US.IL,IL,40.633125,-89.398528,45.0,161312.0,27.9,6555063.0,61.9,6.1,13.3,1.7,0.6,16.4,11.8,199.8,269.3,20.6,75.6,69.7,64.6,8.7,10.2,53.0,91.3,4.72,7.0,11.1,28.7,25.7,7049.0,16.9,14.5,0.018000000000000002,0.08,468.9,1.8,38.1,129.6
2012,Illinois,US.IL,IL,40.633125,-89.398528,35.0,159160.0,21.99,6555800.0,61.4,6.4,13.1,1.8,0.6,16.7,11.7,199.2,260.2,19.6,73.1,69.7,64.1,9.7,10.4,49.5,90.28,4.89,6.8,13.7,27.1,25.1,7155.0,20.9,14.8,-0.027000000000000003,-0.079,472.9,1.7,33.0,130.4
2013,Illinois,US.IL,IL,40.633125,-89.398528,27.0,156931.0,17.21,6555652.0,61.5,6.3,13.9,1.7,0.6,16.0,11.7,197.0,253.7,18.5,73.1,66.9,65.4,9.4,10.5,51.4,68.5,4.91,6.6,0.326,28.1,21.8,6976.0,18.6,14.2,-0.062,-0.034,506.1,1.7,29.5,133.2
2014,Illinois,US.IL,IL,40.633125,-89.398528,32.0,158556.0,20.18,6559694.0,62.0,8.0,15.8,1.9,0.6,11.8,11.4,197.9,253.9,17.7,74.0,66.9,65.8,9.9,11.1,50.2,66.8,5.0,6.5,0.13,29.4,25.1,6721.0,18.0,12.8,-0.066,-0.012,526.1,1.7,27.9,133.9
2015,Illinois,US.IL,IL,40.633125,-89.398528,40.0,158116.0,25.3,6545500.0,62.0,9.0,17.8,1.8,0.7,8.6,11.1,198.6,253.1,20.5,74.0,63.9,66.7,10.1,11.9,50.4,68.3,4.96,6.2,-0.057,29.3,23.9,6555.0,16.5,11.2,0.003,-0.004,495.5,1.7,24.6,138.8
2016,Illinois,US.IL,IL,40.633125,-89.398528,28.0,154445.0,18.13,6509748.0,63.0,8.7,18.0,1.8,0.6,7.9,10.8,199.6,253.8,15.6,78.2,63.9,67.6,9.9,12.6,51.4,70.8,4.96,6.3,-0.093,30.8,24.8,6743.0,15.1,8.4,0.063,0.021,516.5,1.7,22.8,169.5
2017,Illinois,US.IL,IL,40.633125,-89.398528,39.0,149390.0,26.11,6509545.0,63.8,7.8,17.6,1.8,0.5,8.5,10.2,199.8,257.8,19.1,78.2,65.5,67.4,10.4,13.2,50.2,71.5,5.01,6.3,0.0,31.6,23.9,6825.0,15.8,6.8,0.006999999999999999,0.022,540.4,1.7,21.1,175.3
2018,Illinois,US.IL,IL,40.633125,-89.398528,22.0,144815.0,15.19,6480179.0,64.4,7.5,16.8,1.7,0.6,9.0,9.6,199.9,260.1,17.7,86.8,65.5,68.2,11.0,15.3,48.9,75.4,4.98,6.2,0.19,31.1,24.0,7127.0,15.5,6.7,0.083,-0.023,561.4,1.7,18.7,184.0
2019,Illinois,US.IL,IL,40.633125,-89.398528,20.0,140128.0,14.27,6445263.0,65.3,7.0,16.2,1.9,0.6,8.9,9.3,198.7,262.4,16.2,86.8,68.1,67.3,10.0,18.1,49.6,75.4,5.01,6.2,0.043,31.8,24.6,7158.0,15.5,6.9,0.078,0.017,589.9,1.8,17.4,190.0
2009,Indiana,US.IN,IN,40.551217,-85.602364,16.0,86673.0,18.46,3281477.0,64.0,5.5,10.8,1.9,0.7,17.0,13.2,208.4,300.5,23.3,73.6,68.3,45.8,9.5,11.3,49.2,78.4,4.24,7.8,9.3,27.0,27.7,8155.0,26.0,11.9,-0.201,0.004,326.4,1.5,43.5,101.8
2010,Indiana,US.IN,IN,40.551217,-85.602364,14.0,83940.0,16.68,3294065.0,61.8,5.8,10.5,2.5,0.7,18.7,13.4,208.2,291.0,26.3,75.7,68.3,45.7,9.3,12.4,48.5,87.33,4.25,7.3,8.6,30.0,27.2,7889.0,23.1,13.2,-0.295,-0.014,347.4,1.5,45.2,101.8
2011,Indiana,US.IN,IN,40.551217,-85.602364,43.0,83701.0,51.37,3309937.0,61.7,5.2,11.3,2.0,0.9,18.8,13.1,207.8,285.4,25.2,75.7,68.8,46.4,9.8,13.2,50.6,89.43,4.27,7.4,7.8,30.2,26.5,7917.0,21.2,13.6,-0.28600000000000003,-0.005,338.3,1.5,43.7,102.5
2012,Indiana,US.IN,IN,40.551217,-85.602364,36.0,83227.0,43.26,3319144.0,61.8,5.3,10.6,2.2,0.8,19.2,13.1,209.0,278.3,23.6,72.8,68.8,46.4,10.2,13.9,48.3,89.35,4.43,7.7,11.7,30.8,29.2,8357.0,25.6,12.7,-0.293,-0.115,352.0,1.4,37.3,101.5
2013,Indiana,US.IN,IN,40.551217,-85.602364,35.0,83102.0,42.12,3334634.0,61.5,5.7,11.4,2.4,0.7,18.3,12.6,207.0,272.8,24.7,72.8,62.6,47.2,10.9,14.6,47.6,61.4,4.38,7.7,-0.377,31.4,25.9,8126.0,24.0,12.7,-0.342,-0.14400000000000002,428.8,1.3,34.8,101.6
2014,Indiana,US.IN,IN,40.551217,-85.602364,38.0,84080.0,45.2,3347411.0,62.1,6.8,12.1,2.6,0.8,15.6,11.7,208.2,274.4,14.7,74.5,62.6,46.9,11.0,15.1,49.2,68.5,4.43,7.2,-0.33,31.8,31.0,7993.0,21.9,14.1,-0.257,-0.124,452.7,1.3,33.0,104.2
2015,Indiana,US.IN,IN,40.551217,-85.602364,46.0,84040.0,54.74,3357815.0,62.8,7.7,13.9,2.7,0.9,12.0,11.3,208.8,275.1,23.3,74.5,61.5,47.4,10.7,15.8,45.2,66.3,4.34,7.0,-0.36,32.7,26.1,8129.0,22.9,12.9,-0.309,-0.131,428.7,1.4,30.3,106.7
2016,Indiana,US.IN,IN,40.551217,-85.602364,50.0,83091.0,60.17,3363491.0,63.7,7.7,15.4,2.5,0.8,9.9,10.5,210.5,277.1,19.7,73.5,61.5,47.7,11.4,16.7,48.5,74.7,4.34,7.1,-0.473,31.3,29.4,8208.0,20.6,10.8,-0.228,-0.14400000000000002,434.0,1.4,28.0,121.3
2017,Indiana,US.IN,IN,40.551217,-85.602364,40.0,82170.0,48.68,3379723.0,63.8,7.5,15.7,2.3,0.8,10.0,9.7,210.5,277.5,13.9,73.5,61.9,46.8,11.5,17.9,48.8,68.8,4.38,7.2,-0.653,32.5,26.8,8471.0,21.1,8.9,-0.207,-0.15,437.9,1.4,26.1,123.4
2018,Indiana,US.IN,IN,40.551217,-85.602364,23.0,81646.0,28.17,3391576.0,65.0,6.4,15.4,2.4,0.7,10.1,8.7,210.5,278.5,19.5,83.4,61.9,47.7,11.8,20.2,45.4,66.3,4.42,7.4,-0.443,33.6,29.8,8774.0,21.8,8.2,-0.252,-0.18,466.0,1.4,23.5,126.0
2019,Indiana,US.IN,IN,40.551217,-85.602364,33.0,80859.0,40.81,3411859.0,64.1,6.1,16.2,2.4,1.0,10.2,8.4,209.5,282.6,18.0,83.4,64.4,48.0,12.5,23.7,47.6,66.3,4.31,7.4,-0.34,34.1,27.4,8995.0,21.1,8.3,-0.325,-0.168,514.2,1.4,22.9,127.2
2014,Iowa,US.IA,IA,41.878003,-93.097702,11.0,39687.0,27.72,1564081.0,66.6,10.0,13.8,1.5,0.8,7.4,9.6,191.8,245.4,14.3,75.7,71.1,52.0,9.3,8.5,54.9,78.3,4.25,5.0,0.39,31.3,28.5,6309.0,19.5,8.3,0.07400000000000001,0.142,371.5,1.5,24.1,85.7
2016,Iowa,US.IA,IA,41.878003,-93.097702,12.0,39403.0,30.45,1575574.0,67.1,9.2,16.9,1.5,0.8,4.5,8.6,194.4,245.9,13.9,75.7,69.4,52.9,8.8,8.9,55.4,77.9,4.23,4.5,-0.303,32.1,26.3,6328.0,18.1,5.6,0.229,0.114,382.0,1.5,19.8,139.1
2017,Iowa,US.IA,IA,41.878003,-93.097702,12.0,38430.0,31.23,1580978.0,67.9,8.3,16.4,1.4,0.7,5.3,7.8,195.2,245.1,14.0,75.7,71.3,51.9,9.3,9.4,54.5,73.5,4.22,4.5,-0.207,32.0,22.7,6333.0,16.7,4.7,0.229,0.147,388.9,1.5,18.5,142.3
2009,Kansas,US.KS,KS,39.011902,-98.484246,13.0,41396.0,31.4,1428139.0,65.3,7.7,7.2,1.6,2.4,15.7,9.9,192.5,270.9,17.1,72.3,71.9,49.0,8.1,9.5,55.8,78.2,4.13,7.5,7.9,28.1,25.5,7365.0,17.9,12.4,0.121,0.114,294.7,1.6,42.0,101.2
2010,Kansas,US.KS,KS,39.011902,-98.484246,11.0,40649.0,27.06,1437710.0,64.0,7.2,7.1,1.7,2.4,17.7,9.7,189.6,265.2,18.0,75.0,71.9,48.7,8.5,9.2,56.9,91.28,4.31,7.6,6.2,28.8,23.2,7245.0,17.8,12.7,0.154,0.091,328.6,1.6,43.7,102.5
2013,Kansas,US.KS,KS,39.011902,-98.484246,15.0,38839.0,38.62,1452009.0,62.5,7.6,8.1,2.0,2.7,17.1,8.9,189.2,242.4,23.4,72.9,67.3,50.1,9.4,10.3,53.2,65.0,4.35,6.2,-0.294,29.8,22.9,7336.0,19.4,13.1,0.025,0.097,371.5,1.5,35.4,105.1
2016,Kansas,US.KS,KS,39.011902,-98.484246,11.0,38053.0,28.91,1459530.0,65.3,10.4,9.0,1.9,2.5,10.8,8.0,192.6,249.6,20.4,74.1,67.3,50.9,9.7,11.7,51.6,75.2,4.42,6.4,-0.173,34.2,26.5,7180.0,17.7,9.7,-0.058,0.047,384.1,1.4,27.6,129.0
2017,Kansas,US.KS,KS,39.011902,-98.484246,10.0,36519.0,27.38,1461167.0,66.6,8.9,9.1,2.2,2.5,10.8,7.3,194.3,253.5,15.9,74.1,66.6,50.5,9.4,11.8,52.7,76.4,4.35,6.1,0.177,31.2,23.5,7380.0,17.2,8.9,0.057,0.066,394.8,1.5,25.6,133.3
2019,Kansas,US.KS,KS,39.011902,-98.484246,13.0,35395.0,36.73,1461617.0,66.0,7.5,9.8,2.0,2.2,12.6,7.0,194.7,261.8,14.9,84.8,67.9,50.1,11.6,11.6,50.5,69.5,4.41,6.0,-0.087,34.4,22.5,7608.0,17.2,8.8,-0.034,0.013,465.3,1.6,21.3,138.1
2010,Kentucky,US.KY,KY,37.839333,-84.27001800000002,17.0,55784.0,30.47,2204415.0,56.4,5.6,13.0,3.0,1.8,20.1,12.6,225.1,311.5,22.4,78.2,64.4,54.3,11.5,17.2,45.9,91.2,5.04,6.8,10.0,32.4,29.7,9059.0,25.6,16.1,-0.262,-0.161,284.9,1.2,55.1,103.9
2011,Kentucky,US.KY,KY,37.839333,-84.27001800000002,11.0,55370.0,19.87,2219482.0,57.1,5.4,13.4,2.9,1.6,19.5,11.9,226.3,303.9,24.7,78.2,63.2,55.5,10.0,17.4,47.4,89.73,5.06,6.9,7.5,31.8,29.3,9005.0,24.8,15.4,-0.321,-0.157,308.1,1.1,55.6,104.2
2013,Kentucky,US.KY,KY,37.839333,-84.27001800000002,19.0,55686.0,34.12,2231899.0,56.8,5.2,12.7,3.5,1.8,20.1,11.1,226.0,294.5,26.9,75.7,60.3,56.1,10.7,21.7,44.3,68.2,5.2,6.6,-0.421,31.3,29.6,9622.0,28.3,15.0,-0.425,-0.29,383.2,1.1,43.5,102.5
2015,Kentucky,US.KY,KY,37.839333,-84.27001800000002,17.0,55971.0,30.37,2245998.0,56.5,6.4,24.9,3.9,1.7,6.5,10.1,228.8,298.1,30.3,77.0,61.0,56.6,12.5,24.0,43.6,72.3,5.17,6.8,-0.4270000000000001,31.6,28.2,9110.0,26.2,11.4,-0.29600000000000004,-0.303,391.2,1.0,39.5,107.0
2016,Kentucky,US.KY,KY,37.839333,-84.27001800000002,29.0,55449.0,52.3,2250421.0,56.0,6.6,26.3,3.9,1.7,5.5,9.1,232.2,297.8,25.0,76.5,61.0,55.3,13.4,24.1,45.3,73.0,5.01,6.7,-0.463,34.6,32.5,9626.0,25.9,7.3,-0.36,-0.29100000000000004,401.9,1.0,35.3,117.7
2017,Kentucky,US.KY,KY,37.839333,-84.27001800000002,18.0,54752.0,32.88,2259871.0,56.7,5.8,26.4,3.4,1.6,6.2,8.8,233.6,296.4,20.7,76.5,61.8,54.6,13.1,25.5,44.1,74.5,5.18,6.9,-0.643,34.2,29.8,10042.0,24.5,5.6,-0.229,-0.282,395.2,1.0,32.3,120.6
2018,Kentucky,US.KY,KY,37.839333,-84.27001800000002,29.0,53922.0,53.78,2266891.0,57.2,5.6,25.5,3.4,1.6,6.7,8.2,234.9,299.7,25.0,86.8,61.8,55.8,12.9,28.6,42.8,71.0,5.1,6.7,-0.09,34.3,34.4,10479.0,24.6,5.3,-0.292,-0.327,413.2,1.0,30.9,124.1
2019,Kentucky,US.KY,KY,37.839333,-84.27001800000002,21.0,53069.0,39.57,2266644.0,57.7,5.4,24.3,3.5,1.4,7.7,8.1,233.4,301.2,23.0,86.8,61.9,55.3,13.7,32.2,41.6,71.0,4.93,6.6,-0.067,36.6,32.4,10400.0,23.4,5.5,-0.311,-0.298,433.7,1.0,29.0,127.0
2012,Louisiana,US.LA,LA,31.244823,-92.145024,28.0,62642.0,44.7,2349843.0,51.7,6.3,14.5,2.1,1.6,23.7,9.5,219.2,318.5,30.5,74.1,63.9,47.6,11.8,13.7,44.9,93.1,5.74,8.2,16.9,33.4,33.8,10262.0,25.7,20.3,-0.713,-0.282,643.0,1.4,47.7,116.9
2013,Louisiana,US.LA,LA,31.244823,-92.145024,47.0,63201.0,74.37,2361537.0,52.7,5.9,13.8,2.3,1.5,23.9,9.6,216.7,309.3,31.0,74.1,56.1,47.8,12.3,13.2,44.5,68.5,5.59,7.9,0.861,34.7,29.9,9806.0,24.8,19.6,-0.611,-0.233,697.4,1.3,45.1,120.3
2014,Louisiana,US.LA,LA,31.244823,-92.145024,40.0,64497.0,62.02,2375737.0,53.7,7.9,14.3,2.3,1.6,20.2,9.2,217.4,307.5,26.5,76.2,56.1,48.6,11.6,12.9,45.1,69.1,5.68,8.2,0.88,33.1,32.2,9625.0,23.5,16.7,-0.53,-0.273,597.9,1.3,43.1,123.7
2015,Louisiana,US.LA,LA,31.244823,-92.145024,44.0,64692.0,68.01,2386915.0,54.9,9.5,15.0,2.4,1.7,16.6,8.6,217.9,306.3,33.7,76.2,58.3,48.0,11.3,14.4,47.2,73.2,5.68,8.4,1.117,34.9,29.5,9957.0,24.0,15.7,-0.767,-0.219,624.5,1.3,39.2,125.0
2016,Louisiana,US.LA,LA,31.244823,-92.145024,56.0,63178.0,88.64,2392296.0,53.4,9.6,20.0,2.4,1.3,13.2,8.1,218.7,312.5,24.7,77.7,58.3,48.4,12.7,15.6,45.6,70.8,5.71,8.1,0.843,36.2,31.9,9958.0,21.9,13.4,-0.7070000000000001,-0.335,626.0,1.3,35.8,125.7
2017,Louisiana,US.LA,LA,31.244823,-92.145024,41.0,61018.0,67.19,2394887.0,53.1,7.8,25.2,2.3,1.5,10.1,7.8,218.2,316.2,28.3,77.7,56.6,48.2,12.1,17.7,46.3,66.8,5.65,7.6,0.947,35.5,29.1,10003.0,22.8,11.1,-0.687,-0.22,695.2,1.4,34.3,131.1
2018,Louisiana,US.LA,LA,31.244823,-92.145024,22.0,59615.0,36.9,2385219.0,52.7,7.0,26.7,2.5,1.7,9.4,8.0,215.3,320.0,28.6,85.9,56.6,48.5,13.6,18.9,43.0,70.0,5.8,7.8,0.977,36.2,31.8,10125.0,23.1,9.4,-0.667,-0.354,679.3,1.4,30.8,136.4
2019,Louisiana,US.LA,LA,31.244823,-92.145024,26.0,58941.0,44.11,2381744.0,51.8,6.7,27.4,2.6,1.4,10.1,7.9,214.5,323.5,26.2,85.9,58.1,47.8,14.1,21.3,46.4,70.0,5.53,7.5,0.87,36.8,30.8,10169.0,20.5,8.2,-0.64,-0.273,742.0,1.4,29.2,139.7
2009,Maryland,US.MD,MD,39.045755,-76.641271,18.0,75059.0,23.98,2960001.0,69.5,6.0,8.4,1.6,1.8,12.7,12.6,197.5,286.3,10.0,81.1,72.6,71.2,8.6,12.6,58.3,82.6,4.18,8.0,39.9,26.7,24.0,7784.0,14.9,12.9,0.282,0.008,412.0,1.6,33.6,179.7
2010,Maryland,US.MD,MD,39.045755,-76.641271,26.0,73801.0,35.23,2981790.0,67.5,6.2,9.9,1.5,1.9,13.0,12.1,196.4,281.8,12.3,83.2,72.6,70.9,9.3,12.7,58.0,92.33,4.34,8.0,32.8,26.8,23.8,7805.0,15.2,13.0,0.268,-0.001,437.9,1.5,34.4,179.4
2011,Maryland,US.MD,MD,39.045755,-76.641271,24.0,73093.0,32.83,3007715.0,67.8,6.2,10.9,1.5,1.7,11.8,11.5,193.0,278.5,13.6,83.2,75.5,71.0,9.3,12.6,55.9,90.08,4.42,7.6,9.8,27.9,23.1,7441.0,15.2,13.2,0.253,0.016,416.7,1.5,32.8,179.6
2012,Maryland,US.MD,MD,39.045755,-76.641271,20.0,72883.0,27.44,3034160.0,66.3,5.8,11.7,1.6,2.2,12.4,10.9,191.4,261.3,11.3,81.6,75.5,69.9,9.5,11.8,55.3,92.83,4.53,7.0,8.8,28.3,26.2,7521.0,19.1,13.3,0.305,0.01,453.7,1.5,27.3,173.8
2013,Maryland,US.MD,MD,39.045755,-76.641271,15.0,71953.0,20.85,3054052.0,66.7,6.2,11.3,1.6,2.1,12.1,10.8,188.3,253.1,13.6,81.6,72.7,71.2,10.2,11.8,53.7,67.1,4.55,6.8,-0.182,27.6,23.0,7059.0,16.2,13.1,0.228,0.048,471.3,1.4,24.7,175.3
2014,Maryland,US.MD,MD,39.045755,-76.641271,22.0,73921.0,29.76,3079989.0,65.0,7.2,14.8,1.8,1.9,9.2,10.0,187.7,250.7,15.3,81.2,72.7,72.1,9.8,12.2,54.7,75.8,4.54,6.6,-0.16,28.3,25.3,6772.0,16.4,10.2,0.305,0.05,455.3,1.4,22.1,178.5
2015,Maryland,US.MD,MD,39.045755,-76.641271,16.0,73616.0,21.73,3095316.0,65.9,8.1,15.2,1.8,1.7,7.3,9.6,188.0,250.1,13.4,81.2,70.2,71.9,10.1,13.4,56.4,74.4,4.51,6.5,-0.213,29.6,21.4,6780.0,14.6,9.0,0.295,0.035,454.1,1.3,19.4,183.7
2016,Maryland,US.MD,MD,39.045755,-76.641271,13.0,73136.0,17.78,3101981.0,65.6,8.2,15.3,1.9,2.1,6.9,9.1,189.2,252.5,13.8,83.7,70.2,72.0,10.3,15.3,57.1,76.8,4.56,6.5,-0.28,28.9,24.1,6836.0,15.1,7.3,0.315,0.006999999999999999,462.6,1.3,17.8,179.2
2017,Maryland,US.MD,MD,39.045755,-76.641271,25.0,71641.0,34.9,3118023.0,66.8,7.1,15.8,1.7,2.0,6.6,9.0,187.8,255.0,9.6,83.7,68.6,70.7,10.8,17.7,53.5,74.4,4.59,6.6,-0.353,29.9,23.1,7113.0,13.7,6.4,0.313,0.046,459.3,1.3,17.0,184.9
2018,Maryland,US.MD,MD,39.045755,-76.641271,17.0,71080.0,23.92,3113797.0,66.0,7.0,16.2,1.8,2.0,7.0,8.3,188.1,257.7,12.7,91.0,68.6,70.4,10.4,23.9,52.1,75.2,4.53,6.6,-0.187,31.3,25.6,7655.0,13.8,6.1,0.29100000000000004,0.016,510.4,1.3,16.0,188.2
2019,Maryland,US.MD,MD,39.045755,-76.641271,22.0,70178.0,31.35,3116815.0,65.8,7.1,16.0,1.9,2.1,7.1,7.7,187.2,262.1,11.6,91.0,66.8,70.6,12.0,30.2,51.6,75.2,4.51,6.5,-0.277,30.9,22.9,7689.0,12.5,6.1,0.342,-0.03,552.1,1.3,14.2,192.1
2016,Massachusetts,US.MA,MA,42.407211,-71.382437,18.0,71317.0,25.24,3506128.0,65.1,6.9,23.7,1.2,0.5,2.6,6.4,184.8,205.6,14.8,83.7,74.7,78.3,8.9,15.7,58.0,78.5,5.39,4.3,-0.523,24.3,26.5,5755.0,14.0,3.1,0.648,0.112,317.8,1.2,10.6,227.5
2017,Massachusetts,US.MA,MA,42.407211,-71.382437,14.0,70702.0,19.8,3529454.0,65.3,6.9,23.2,1.2,0.4,2.9,6.2,183.6,208.3,11.0,83.7,73.7,80.7,9.3,19.8,60.2,85.3,5.35,4.4,-0.5429999999999999,23.6,20.0,5970.0,13.6,2.7,0.778,0.138,357.3,1.1,9.4,237.1
2018,Massachusetts,US.MA,MA,42.407211,-71.382437,15.0,69109.0,21.7,3551621.0,65.1,7.4,22.9,1.1,0.5,3.0,6.0,182.7,208.7,13.6,88.2,73.7,82.7,9.5,25.2,55.6,82.1,5.5,4.1,-0.4,25.8,24.8,6097.0,13.7,2.7,0.718,0.14800000000000002,394.5,1.1,8.5,245.0
2009,Michigan,US.MI,MI,44.314844,-85.602364,34.0,117294.0,28.99,5044338.0,61.6,5.9,14.6,2.1,0.5,15.3,12.1,201.1,312.7,19.1,78.3,76.0,59.1,9.0,11.3,53.5,76.8,4.53,7.7,11.0,29.5,25.1,7558.0,20.5,11.7,-0.087,0.029,370.9,1.8,33.8,114.2
2010,Michigan,US.MI,MI,44.314844,-85.602364,47.0,114531.0,41.04,5035526.0,60.8,5.7,15.3,2.1,0.5,15.5,11.2,199.7,306.5,20.7,79.6,76.0,59.6,9.3,12.2,53.6,93.7,4.63,7.7,9.5,30.3,23.6,7631.0,19.6,12.7,0.024,0.01,449.1,1.8,34.2,115.2
2011,Michigan,US.MI,MI,44.314844,-85.602364,33.0,114008.0,28.95,5030242.0,60.1,6.0,15.8,2.2,0.5,15.4,10.1,198.9,303.2,20.4,79.6,72.5,59.7,10.1,13.1,53.2,92.9,4.61,7.4,9.2,31.7,23.6,7509.0,18.9,13.0,-0.025,-0.006999999999999999,458.5,1.8,33.2,117.8
2012,Michigan,US.MI,MI,44.314844,-85.602364,29.0,113091.0,25.64,5032849.0,61.1,5.9,15.5,2.2,0.7,14.7,9.5,200.0,288.2,22.7,76.7,72.5,59.5,10.0,13.7,50.4,87.03,4.8,7.3,15.4,31.3,23.6,7807.0,23.3,12.7,-0.133,-0.097,500.6,1.7,30.1,117.4
2013,Michigan,US.MI,MI,44.314844,-85.602364,36.0,113489.0,31.72,5036338.0,60.3,6.6,15.9,2.2,0.6,14.5,9.3,199.1,280.8,19.2,76.7,68.0,60.5,10.5,14.3,50.2,70.5,4.77,6.9,-0.16699999999999998,31.1,23.3,7821.0,23.3,11.7,-0.13,-0.08800000000000001,501.5,1.7,27.8,119.4
2014,Michigan,US.MI,MI,44.314844,-85.602364,29.0,114375.0,25.36,5041414.0,60.6,7.9,18.1,2.4,0.6,10.5,8.8,199.7,282.4,19.8,79.4,68.0,61.1,10.4,13.9,51.8,70.0,4.75,6.7,-0.3,31.5,24.4,7574.0,21.4,11.2,-0.1,-0.105,481.6,1.7,26.3,122.2
2015,Michigan,US.MI,MI,44.314844,-85.602364,27.0,113312.0,23.83,5044428.0,61.0,7.9,21.0,2.6,0.6,6.9,8.8,198.7,284.3,20.8,79.4,68.6,61.4,10.4,14.5,50.8,65.0,4.69,7.0,-0.303,30.7,25.5,7618.0,21.2,9.7,-0.19,-0.085,453.6,1.7,23.6,124.1
2016,Michigan,US.MI,MI,44.314844,-85.602364,40.0,113315.0,35.3,5043554.0,61.2,8.0,21.8,2.3,0.5,6.2,8.6,201.0,288.7,21.1,79.2,68.6,61.0,10.7,15.7,48.9,67.6,4.7,6.8,-0.227,31.2,25.5,7689.0,20.7,7.3,-0.136,-0.115,447.2,1.6,21.1,187.5
2017,Michigan,US.MI,MI,44.314844,-85.602364,24.0,111426.0,21.54,5058559.0,62.2,7.4,21.8,2.2,0.6,5.8,8.7,201.5,293.0,17.3,79.2,70.1,61.5,11.2,18.0,47.7,70.2,4.75,6.5,-0.4970000000000001,32.5,23.9,7853.0,20.4,5.8,-0.071,-0.136,469.1,1.6,19.3,193.0
2018,Michigan,US.MI,MI,44.314844,-85.602364,32.0,110032.0,29.08,5073772.0,62.0,7.0,21.8,2.4,0.5,6.3,8.3,203.0,297.8,20.7,89.2,70.1,61.2,11.0,20.8,48.7,69.9,4.6,6.5,-0.457,32.3,27.2,8102.0,19.3,5.3,-0.065,-0.13,462.9,1.6,17.7,200.9
2019,Michigan,US.MI,MI,44.314844,-85.602364,34.0,107886.0,31.51,5068329.0,62.3,7.3,20.8,2.4,0.6,6.7,8.0,200.9,300.7,19.4,89.2,71.0,60.6,11.7,23.9,46.4,69.9,4.64,6.6,-0.25,33.0,23.8,8111.0,18.9,5.3,-0.1,-0.109,507.9,1.6,16.4,205.2
2009,Minnesota,US.MN,MN,46.729553,-94.6859,11.0,70646.0,15.57,2659958.0,68.4,8.0,11.8,1.4,0.5,9.8,8.6,181.2,206.3,15.6,76.2,75.3,60.1,5.9,6.0,61.7,77.4,4.12,5.4,9.9,25.2,18.1,5500.0,17.6,8.5,0.477,0.341,237.5,2.6,27.9,139.5
2011,Minnesota,US.MN,MN,46.729553,-94.6859,13.0,68409.0,19.0,2689958.0,67.7,8.0,12.4,1.5,0.7,9.7,8.6,183.5,195.9,13.9,77.0,78.9,59.5,6.7,7.2,61.2,90.93,4.31,5.3,23.2,25.4,19.1,5499.0,14.9,8.9,0.442,0.314,237.5,2.5,27.2,140.3
2012,Minnesota,US.MN,MN,46.729553,-94.6859,15.0,68772.0,21.81,2706970.0,68.1,7.3,12.9,1.8,0.8,9.1,8.2,184.9,186.9,13.3,76.7,78.9,59.6,7.3,7.5,59.7,93.23,4.35,4.6,24.3,25.7,21.9,5621.0,19.1,9.5,0.601,0.315,237.5,2.5,22.5,141.6
2013,Minnesota,US.MN,MN,46.729553,-94.6859,11.0,69159.0,15.91,2727081.0,66.7,8.9,13.0,1.5,0.7,9.2,8.1,182.7,182.7,13.7,76.7,74.8,60.0,7.3,8.3,58.3,66.2,4.29,4.6,-0.27,25.7,17.5,5493.0,18.8,8.7,0.404,0.326,237.5,2.7,19.3,143.5
2014,Minnesota,US.MN,MN,46.729553,-94.6859,10.0,69904.0,14.31,2745132.0,66.8,8.6,15.4,1.7,0.7,6.8,8.0,180.9,184.7,14.0,77.0,74.8,60.5,7.4,8.6,58.2,74.1,4.36,4.9,0.22,25.5,23.5,5358.0,18.0,8.1,0.4,0.326,337.8,2.7,18.5,145.2
2016,Minnesota,US.MN,MN,46.729553,-94.6859,14.0,69749.0,20.07,2772322.0,66.6,9.1,17.0,1.8,0.7,4.8,8.0,179.2,188.2,8.0,78.3,72.6,60.3,7.6,9.3,58.8,73.2,4.33,5.0,-0.223,26.1,21.8,5369.0,16.2,5.2,0.456,0.271,367.3,2.9,15.5,159.3
2017,Minnesota,US.MN,MN,46.729553,-94.6859,18.0,68595.0,26.24,2799760.0,68.3,7.4,16.6,1.8,0.8,5.2,7.5,180.9,189.7,12.5,78.3,73.9,59.5,8.4,9.9,58.4,73.8,4.34,5.1,-0.02,27.8,18.0,5555.0,15.2,4.3,0.422,0.254,389.3,3.0,13.7,162.3
2018,Minnesota,US.MN,MN,46.729553,-94.6859,10.0,67344.0,14.85,2816378.0,69.3,7.3,16.8,1.5,0.7,4.4,7.1,181.4,190.3,12.7,86.9,73.9,58.5,7.8,10.8,56.3,66.1,4.21,5.1,0.24,28.4,24.6,5653.0,14.5,4.3,0.383,0.28300000000000003,413.2,3.1,12.6,165.9
2019,Minnesota,US.MN,MN,46.729553,-94.6859,11.0,66027.0,16.66,2829821.0,69.9,6.6,16.0,1.5,0.6,5.5,6.6,181.8,193.8,11.7,86.9,73.9,58.5,8.9,12.1,56.5,66.1,4.31,4.9,0.193,30.1,20.5,5683.0,15.1,4.4,0.343,0.228,422.1,3.3,12.1,169.5
2009,Mississippi,US.MS,MS,32.354668,-89.398528,14.0,42901.0,32.63,1522000.0,53.0,5.3,14.9,3.0,1.8,22.0,11.4,217.7,373.7,23.5,73.0,59.4,39.2,11.3,10.6,44.8,76.5,5.32,10.3,17.9,33.4,32.5,11485.0,22.7,18.3,-0.479,-0.31,743.0,1.4,68.4,81.6
2010,Mississippi,US.MS,MS,32.354668,-89.398528,12.0,40036.0,29.97,1526057.0,51.7,4.9,14.5,2.9,1.8,24.2,10.8,218.3,366.4,31.9,74.7,59.5,39.7,11.6,11.2,45.7,91.6,5.24,10.0,17.2,35.4,32.3,11096.0,23.3,17.7,-0.479,-0.264,723.2,1.3,71.9,81.9
2011,Mississippi,US.MS,MS,32.354668,-89.398528,18.0,39860.0,45.16,1531968.0,51.7,5.2,14.5,2.9,1.8,23.9,10.3,217.3,357.4,33.7,74.7,58.1,40.4,12.4,10.9,43.9,92.68,5.14,10.0,10.5,34.5,33.0,10976.0,22.9,19.2,-0.513,-0.31,799.1,1.5,65.7,82.2
2012,Mississippi,US.MS,MS,32.354668,-89.398528,15.0,38669.0,38.79,1535635.0,50.7,5.0,15.6,2.9,1.8,24.0,10.0,219.9,358.6,24.4,71.3,58.1,40.7,12.4,11.1,41.8,88.2,5.2,9.9,11.2,34.9,36.0,11113.0,26.0,18.6,-0.7340000000000001,-0.309,721.8,1.4,55.0,81.4
2013,Mississippi,US.MS,MS,32.354668,-89.398528,13.0,38634.0,33.65,1536620.0,50.8,4.5,15.4,2.9,2.2,24.2,9.8,219.7,347.7,29.6,71.3,55.4,41.0,12.5,11.1,43.0,77.5,5.27,9.5,1.0237,34.6,30.8,10821.0,24.0,15.8,-0.593,-0.3,715.0,1.5,50.2,82.1
2016,Mississippi,US.MS,MS,32.354668,-89.398528,14.0,37928.0,36.91,1539934.0,53.8,7.9,16.8,3.4,2.0,16.1,8.1,227.5,344.8,28.4,76.0,56.8,42.9,14.7,11.0,42.6,70.6,5.25,8.9,1.05,35.6,36.8,10804.0,22.5,13.6,-0.745,-0.378,655.4,1.4,38.0,102.3
2017,Mississippi,US.MS,MS,32.354668,-89.398528,12.0,37357.0,32.12,1538222.0,54.2,8.2,16.1,2.8,2.1,16.5,7.5,226.7,352.5,29.9,76.0,57.0,42.2,13.6,11.5,42.0,70.4,5.47,8.8,0.66,37.3,30.3,10950.0,22.7,12.3,-0.705,-0.331,580.2,1.4,34.7,105.9
2018,Mississippi,US.MS,MS,32.354668,-89.398528,15.0,37000.0,40.54,1538795.0,55.2,7.1,16.2,3.1,1.7,16.6,7.6,226.6,356.0,29.7,84.7,57.0,42.9,14.2,11.9,41.0,68.7,5.37,8.9,0.99,37.3,33.2,11082.0,22.2,11.9,-0.637,-0.373,672.1,1.4,32.6,108.6
2019,Mississippi,US.MS,MS,32.354668,-89.398528,22.0,36636.0,60.05,1533857.0,54.2,6.7,16.5,2.8,2.0,17.8,7.7,226.8,363.2,27.8,84.7,54.1,43.1,14.3,12.1,40.3,68.7,5.28,8.6,0.913,39.5,32.0,11043.0,20.5,12.1,-0.6559999999999999,-0.35,708.7,1.4,30.9,110.8
2009,Missouri,US.MO,MO,37.964253,-91.831833,18.0,78905.0,22.81,3042021.0,63.2,6.2,10.3,2.3,1.3,16.7,11.9,206.3,309.0,18.7,74.1,62.6,45.6,9.1,11.9,52.6,76.0,4.36,7.4,11.3,29.1,27.6,8413.0,25.0,12.6,-0.185,-0.053,396.5,1.6,45.7,107.0
2010,Missouri,US.MO,MO,37.964253,-91.831833,12.0,76759.0,15.63,3055450.0,61.6,6.8,10.2,2.3,1.5,17.6,11.8,204.2,301.9,23.8,73.5,62.7,45.9,7.9,12.8,53.8,86.03,4.47,7.4,10.4,30.6,26.7,8107.0,23.1,14.0,-0.269,-0.042,419.8,1.6,45.7,106.6
2011,Missouri,US.MO,MO,37.964253,-91.831833,17.0,76117.0,22.33,3066254.0,61.0,6.2,10.5,2.6,1.5,18.2,10.9,204.0,298.3,20.5,73.5,64.3,46.5,9.4,13.3,50.8,87.45,4.59,7.2,17.3,31.4,27.2,8258.0,21.1,14.3,-0.285,-0.057,432.0,1.5,45.5,106.8
2012,Missouri,US.MO,MO,37.964253,-91.831833,34.0,75446.0,45.07,3070952.0,60.0,6.4,11.1,2.6,1.4,18.5,10.3,204.5,291.0,23.1,74.0,64.3,46.5,10.2,14.9,48.7,86.45,4.61,6.9,16.8,30.3,28.4,8409.0,25.0,14.4,-0.266,-0.129,435.0,1.4,37.1,107.2
2013,Missouri,US.MO,MO,37.964253,-91.831833,30.0,75296.0,39.84,3080214.0,61.0,6.8,10.5,2.5,1.8,17.4,10.0,202.4,281.8,22.2,74.0,61.8,47.4,10.7,15.9,49.8,63.9,4.66,6.5,0.024,29.6,24.7,8230.0,23.9,14.1,-0.264,-0.109,465.6,1.4,34.5,110.2
2014,Missouri,US.MO,MO,37.964253,-91.831833,34.0,75360.0,45.12,3089367.0,61.1,8.9,10.6,3.1,1.5,14.9,10.0,204.8,281.1,19.8,73.9,61.8,48.1,9.6,16.3,51.8,67.9,4.57,6.5,0.02,30.4,28.3,8120.0,22.1,13.3,-0.241,-0.04,463.1,1.4,32.2,111.8
2015,Missouri,US.MO,MO,37.964253,-91.831833,33.0,75061.0,43.96,3098627.0,62.1,9.7,11.1,3.1,1.6,12.5,9.7,206.3,281.4,14.2,73.9,58.6,48.0,11.1,16.4,49.5,70.0,4.59,6.6,-0.087,30.2,25.0,8117.0,20.6,12.3,-0.182,-0.109,453.8,1.4,30.0,115.2
2016,Missouri,US.MO,MO,37.964253,-91.831833,27.0,74705.0,36.14,3100965.0,62.8,10.5,10.1,3.5,1.4,11.8,9.1,209.3,283.6,12.4,75.6,58.6,48.4,11.5,17.0,51.2,71.0,4.59,6.3,-0.157,32.4,27.0,8239.0,22.3,10.8,-0.202,-0.136,462.9,1.4,27.2,155.9
2017,Missouri,US.MO,MO,37.964253,-91.831833,28.0,73034.0,38.34,3111296.0,63.3,9.1,11.0,3.2,1.4,12.1,8.3,209.0,288.6,18.6,75.6,61.3,48.5,11.5,17.6,52.2,66.9,4.53,6.3,-0.16699999999999998,31.7,24.9,8558.0,22.1,9.4,-0.273,-0.14800000000000002,477.4,1.4,25.2,160.4
2018,Missouri,US.MO,MO,37.964253,-91.831833,24.0,73269.0,32.76,3118889.0,64.5,8.0,11.0,3.0,1.5,12.1,7.9,207.2,291.7,19.2,85.6,61.3,48.5,10.4,19.5,48.6,71.2,4.52,6.5,0.047,32.5,29.2,8717.0,20.8,9.0,-0.242,-0.103,507.0,1.5,23.4,166.4
2019,Missouri,US.MO,MO,37.964253,-91.831833,16.0,72127.0,22.18,3124766.0,64.3,7.4,10.8,3.1,1.4,13.0,7.5,206.3,295.3,18.3,85.6,63.3,49.4,11.5,21.1,48.9,71.2,4.52,6.4,0.07,35.0,26.1,8828.0,19.4,9.3,-0.252,-0.162,534.6,1.6,22.5,171.5
2017,Nevada,US.NV,NV,38.80261,-116.419389,11.0,35756.0,30.76,1494290.0,59.0,7.1,16.9,2.3,1.8,13.0,9.1,189.7,285.0,11.4,74.7,60.4,52.9,11.1,20.8,45.6,71.9,4.31,5.3,-0.597,25.8,24.7,7729.0,16.5,11.9,-0.195,-0.09,455.3,1.1,27.8,107.9
2009,New Jersey,US.NJ,NJ,40.058324,-74.405661,37.0,110331.0,33.54,4493506.0,68.7,5.3,9.0,1.8,0.4,14.9,12.8,194.3,271.2,13.8,81.4,75.9,80.0,8.4,9.1,54.1,72.8,4.54,5.3,23.1,23.6,26.9,6538.0,14.8,14.9,0.244,0.16,247.9,1.8,24.9,144.1
2010,New Jersey,US.NJ,NJ,40.058324,-74.405661,30.0,106922.0,28.06,4512294.0,67.2,5.1,10.2,1.5,0.3,15.7,11.1,193.0,263.2,12.8,82.2,75.9,80.5,8.7,8.6,55.2,88.35,4.77,5.4,19.4,23.9,26.2,6152.0,15.8,14.9,0.307,0.175,258.0,1.8,25.2,143.1
2011,New Jersey,US.NJ,NJ,40.058324,-74.405661,48.0,105883.0,45.33,4520963.0,66.6,5.0,10.1,1.7,0.4,16.3,9.8,188.8,258.4,12.8,82.2,76.0,81.5,9.2,6.4,53.6,86.9,4.92,5.3,6.3,24.8,26.6,6089.0,14.4,15.0,0.316,0.179,275.3,1.7,24.5,142.8
2012,New Jersey,US.NJ,NJ,40.058324,-74.405661,36.0,104230.0,34.54,4540905.0,66.3,5.3,10.4,1.6,0.4,16.1,9.2,187.4,248.0,17.4,80.7,76.0,80.5,8.8,6.9,52.4,91.08,5.02,5.0,5.9,23.7,26.4,6173.0,16.8,15.5,0.515,0.099,297.3,1.7,20.1,137.7
2013,New Jersey,US.NJ,NJ,40.058324,-74.405661,57.0,102575.0,55.57,4555374.0,64.9,5.3,10.0,2.0,0.5,17.2,9.1,185.6,243.5,12.5,80.7,71.2,81.2,9.3,8.0,53.5,71.5,5.07,4.9,-0.6659999999999999,24.6,24.9,6091.0,17.3,14.7,0.353,0.17800000000000002,298.1,1.7,18.7,140.4
2014,New Jersey,US.NJ,NJ,40.058324,-74.405661,55.0,103305.0,53.24,4576223.0,65.5,6.3,12.2,1.8,0.4,13.8,9.0,185.5,246.8,16.5,81.0,71.2,81.8,9.2,11.6,51.4,72.9,5.2,4.7,-0.59,26.3,26.8,5837.0,15.7,13.0,0.337,0.136,309.2,1.6,16.7,143.7
2015,New Jersey,US.NJ,NJ,40.058324,-74.405661,39.0,103127.0,37.82,4585897.0,65.3,7.1,14.8,1.8,0.4,10.6,8.8,183.6,245.9,16.1,81.0,70.1,81.2,9.7,13.1,51.8,67.2,5.18,4.4,-0.77,26.9,23.3,5819.0,15.1,12.1,0.345,0.128,319.6,1.6,14.8,145.2
2016,New Jersey,US.NJ,NJ,40.058324,-74.405661,43.0,102647.0,41.89,4576725.0,66.2,7.4,14.6,2.1,0.4,9.3,8.8,183.0,245.4,16.9,83.4,70.1,81.5,9.0,14.0,51.2,76.5,5.22,4.4,-0.77,25.6,27.2,5820.0,13.5,9.8,0.443,0.128,336.0,1.5,13.1,165.2
2017,New Jersey,US.NJ,NJ,40.058324,-74.405661,44.0,101250.0,43.46,4609070.0,66.1,7.5,14.3,2.0,0.5,9.7,8.5,182.2,245.4,12.7,83.4,73.4,80.7,9.2,14.8,50.3,70.2,5.29,4.6,-0.6829999999999999,27.3,29.8,5875.0,14.0,8.4,0.375,0.095,350.6,1.5,12.2,171.1
2018,New Jersey,US.NJ,NJ,40.058324,-74.405661,35.0,101223.0,34.58,4556326.0,67.6,7.2,14.0,1.8,0.4,9.0,8.3,182.3,245.4,14.6,91.1,73.4,77.6,11.0,17.6,52.3,69.3,5.13,4.4,-0.557,27.2,29.0,6225.0,13.7,7.9,0.383,0.077,385.3,1.5,11.1,176.3
2019,New Jersey,US.NJ,NJ,40.058324,-74.405661,36.0,99585.0,36.15,4541603.0,66.8,7.1,13.8,2.1,0.5,9.8,8.1,180.4,247.2,13.7,91.1,72.2,79.0,10.8,22.8,48.3,69.3,5.16,4.3,-0.5770000000000001,25.6,28.5,6329.0,13.1,7.6,0.419,0.134,391.3,1.5,10.4,181.0
2011,New Mexico,US.NM,NM,34.97273,-105.032363,12.0,27289.0,43.97,1052114.0,48.5,5.9,15.3,1.8,2.6,25.9,5.8,167.9,222.3,27.6,71.9,67.2,45.7,8.5,24.1,50.4,87.35,4.96,5.4,7.9,25.6,21.6,8790.0,18.5,21.3,-0.166,0.024,472.4,1.6,64.1,113.9
2017,New Mexico,US.NM,NM,34.97273,-105.032363,10.0,23767.0,42.08,1053926.0,46.8,6.4,31.0,2.5,2.2,11.1,5.7,169.0,219.2,22.4,72.1,62.3,51.4,11.6,24.9,43.5,68.5,5.15,5.2,0.89,28.3,20.3,8913.0,16.6,10.1,-0.196,-0.049,605.7,1.6,34.0,136.6
2009,New York,US.NY,NY,43.299428000000006,-74.217933,70.0,248110.0,28.21,9966620.0,62.6,5.4,16.9,1.7,0.4,12.9,11.5,178.3,294.9,20.3,79.5,74.2,73.8,8.4,7.4,53.3,76.2,5.29,5.6,33.4,25.1,26.4,6156.0,16.8,13.6,0.021,0.213,418.3,1.6,25.7,169.4
2010,New York,US.NY,NY,43.299428000000006,-74.217933,67.0,244375.0,27.42,10000955.0,60.9,4.9,18.5,1.6,0.4,13.7,10.7,177.6,289.6,25.0,81.9,74.2,72.6,8.8,8.7,53.0,89.78,5.41,5.5,32.4,24.6,26.4,6036.0,18.0,14.4,0.042,0.201,453.3,1.6,25.8,168.1
2011,New York,US.NY,NY,43.299428000000006,-74.217933,64.0,241312.0,26.52,10033393.0,60.2,4.7,19.5,1.6,0.4,13.5,9.7,179.9,285.9,24.1,81.9,72.5,73.1,8.9,8.5,55.1,87.78,5.35,5.4,9.5,24.5,23.9,5934.0,15.5,14.5,0.196,0.196,471.1,1.6,25.2,167.0
2012,New York,US.NY,NY,43.299428000000006,-74.217933,58.0,240916.0,24.07,10081044.0,60.7,4.8,19.4,1.8,0.4,13.0,9.2,179.5,274.9,22.6,79.7,72.5,72.4,10.5,8.2,50.6,88.83,5.54,5.2,9.7,24.5,26.3,6183.0,18.1,13.6,0.301,0.043,515.6,1.5,22.7,160.2
2013,New York,US.NY,NY,43.299428000000006,-74.217933,63.0,236980.0,26.58,10114934.0,60.2,5.0,20.0,1.8,0.5,12.6,9.0,178.6,265.3,25.0,79.7,67.5,72.8,9.7,8.6,51.3,63.7,5.59,5.1,0.049,23.6,24.6,6092.0,16.2,11.7,0.312,0.059,530.3,1.5,21.2,164.0
2014,New York,US.NY,NY,43.299428000000006,-74.217933,61.0,238773.0,25.55,10164966.0,59.5,6.2,21.9,1.8,0.5,10.1,8.5,179.7,260.8,19.5,81.3,67.5,72.7,10.6,9.4,50.3,72.2,5.65,5.0,0.02,25.4,26.7,5737.0,16.6,10.8,0.37,0.019,516.5,1.4,19.7,167.3
2015,New York,US.NY,NY,43.299428000000006,-74.217933,64.0,237274.0,26.97,10184278.0,59.9,6.5,23.4,1.7,0.4,8.1,8.0,179.9,258.5,19.1,81.3,67.3,73.5,10.0,10.6,51.9,70.7,5.67,5.0,-0.207,27.0,25.9,5714.0,14.4,9.7,0.368,0.071,489.5,1.3,17.7,170.1
2016,New York,US.NY,NY,43.299428000000006,-74.217933,65.0,234283.0,27.74,10157924.0,59.2,7.1,24.8,1.6,0.5,6.8,7.5,179.6,256.2,21.3,80.0,67.3,73.6,9.8,11.1,50.7,71.9,5.68,4.8,-0.273,25.0,29.3,5658.0,15.2,7.9,0.341,0.08900000000000001,502.8,1.3,16.1,206.2
2017,New York,US.NY,NY,43.299428000000006,-74.217933,47.0,229737.0,20.46,10211937.0,60.0,7.1,24.4,1.7,0.4,6.4,7.2,178.2,257.6,17.6,80.0,68.5,73.5,10.5,12.2,50.5,72.3,5.71,4.6,-0.213,25.5,26.3,5701.0,14.2,6.6,0.402,0.104,524.7,1.3,14.8,215.5
2018,New York,US.NY,NY,43.299428000000006,-74.217933,66.0,226238.0,29.17,10053779.0,60.2,7.2,24.5,1.7,0.4,6.0,7.0,177.7,258.5,20.7,89.5,68.5,74.4,10.5,14.3,50.3,67.5,5.79,4.5,-0.083,25.7,27.2,5978.0,14.1,5.9,0.375,0.101,552.8,1.3,13.4,223.7
2019,New York,US.NY,NY,43.299428000000006,-74.217933,77.0,221539.0,34.76,10005715.0,61.2,7.1,23.7,1.7,0.4,5.9,6.6,176.4,259.4,18.6,89.5,69.8,74.9,11.0,17.0,51.1,67.5,5.83,4.5,-0.203,27.6,23.8,5830.0,12.8,5.6,0.395,0.118,588.5,1.3,12.7,230.7
2009,North Carolina,US.NC,NC,35.759573,-79.0193,21.0,126845.0,16.56,4846501.0,57.5,6.8,10.8,2.5,3.1,19.3,12.6,202.6,287.0,19.4,78.0,68.5,45.4,9.3,11.7,51.9,72.4,4.5,8.3,19.5,29.5,24.6,8356.0,20.9,15.9,-0.168,-0.038,337.8,1.5,49.7,115.6
2010,North Carolina,US.NC,NC,35.759573,-79.0193,10.0,122350.0,8.17,4889991.0,55.6,7.0,10.7,2.5,2.9,21.3,11.6,199.8,275.2,24.5,78.3,68.5,45.4,9.6,12.2,49.8,91.4,4.73,8.3,15.5,30.1,26.4,8319.0,20.3,16.7,-0.123,-0.051,406.8,1.4,49.9,116.0
2011,North Carolina,US.NC,NC,35.759573,-79.0193,11.0,120389.0,9.14,4952679.0,55.6,6.7,11.2,2.5,2.9,21.0,10.8,196.6,273.0,27.6,78.3,68.4,45.8,9.8,12.4,51.0,93.15,4.67,8.1,7.0,28.6,25.7,8116.0,19.8,17.4,-0.019,-0.049,437.5,1.4,49.4,115.6
2012,North Carolina,US.NC,NC,35.759573,-79.0193,10.0,119831.0,8.35,4999175.0,54.9,6.8,11.2,2.6,3.0,21.5,10.0,196.0,262.5,23.9,78.4,68.4,46.7,10.9,12.3,49.4,89.48,4.86,7.5,8.7,29.1,26.7,8244.0,21.8,16.7,-0.147,-0.113,441.0,1.3,38.3,114.7
2013,North Carolina,US.NC,NC,35.759573,-79.0193,15.0,119002.0,12.6,5047448.0,54.8,7.5,11.1,2.7,2.9,20.9,9.6,195.4,254.0,24.7,78.4,64.9,47.5,10.4,12.4,49.5,75.4,4.78,7.1,0.438,29.6,24.9,7892.0,20.9,16.7,-0.177,-0.07,574.9,1.3,34.9,114.9
2014,North Carolina,US.NC,NC,35.759573,-79.0193,34.0,120975.0,28.1,5099371.0,55.3,10.1,11.8,2.6,2.9,17.4,9.0,196.2,252.2,26.8,79.2,64.9,47.9,11.4,12.6,49.9,72.0,4.71,7.3,0.3,29.4,26.6,7661.0,20.3,16.1,-0.173,-0.114,524.0,1.3,31.8,117.9
2015,North Carolina,US.NC,NC,35.759573,-79.0193,44.0,120843.0,36.41,5150777.0,55.7,11.7,12.5,2.7,2.8,14.6,8.7,195.2,251.1,24.4,79.2,64.2,47.9,10.8,13.0,49.8,80.8,4.69,7.2,0.257,29.7,23.2,7604.0,19.1,14.4,-0.028,-0.102,496.5,1.3,28.4,119.7
2016,North Carolina,US.NC,NC,35.759573,-79.0193,38.0,120779.0,31.46,5213836.0,56.3,11.3,12.9,3.0,2.9,13.7,8.0,196.2,251.9,23.7,81.7,64.2,50.2,10.7,13.3,47.7,76.4,4.77,7.0,0.247,30.1,26.2,7746.0,19.0,12.2,-0.096,-0.099,478.7,1.3,25.9,128.3
2017,North Carolina,US.NC,NC,35.759573,-79.0193,35.0,120125.0,29.14,5271981.0,58.2,9.7,12.6,2.4,2.9,14.1,7.8,196.9,254.3,19.3,81.7,63.6,51.2,11.3,14.0,49.0,77.8,4.74,7.2,0.83,31.8,23.3,7889.0,17.9,10.8,-0.084,-0.094,647.4,1.3,23.6,130.9
2018,North Carolina,US.NC,NC,35.759573,-79.0193,25.0,118954.0,21.02,5332759.0,58.6,9.2,12.5,2.6,3.0,14.1,7.4,197.9,254.6,21.7,86.7,63.6,51.4,11.4,16.2,47.7,70.9,4.75,7.3,0.337,32.1,25.6,8177.0,17.2,10.6,-0.08,-0.112,577.6,1.3,21.6,132.5
2019,North Carolina,US.NC,NC,35.759573,-79.0193,46.0,118725.0,38.74,5387820.0,58.2,9.4,12.3,2.4,2.7,14.9,7.2,196.1,257.2,20.2,86.7,65.4,52.2,12.5,19.5,46.1,70.9,4.66,7.1,0.5329999999999999,33.0,23.9,8276.0,17.4,10.7,-0.14800000000000002,-0.115,612.0,1.3,20.5,134.4
2009,Ohio,US.OH,OH,40.417287,-82.907123,57.0,144841.0,39.35,5902018.0,64.4,5.4,12.6,2.0,0.8,14.9,13.4,210.2,301.8,21.0,74.3,72.1,50.8,9.9,12.7,54.1,82.9,4.48,7.7,9.9,29.3,26.0,7776.0,20.1,11.6,-0.053,-0.031,413.7,1.5,40.0,118.9
2010,Ohio,US.OH,OH,40.417287,-82.907123,40.0,139128.0,28.75,5904348.0,63.7,5.0,13.1,2.2,0.7,15.2,13.1,208.7,291.8,18.7,77.4,72.2,50.9,10.1,14.1,52.6,89.2,4.6,7.7,8.9,29.8,26.4,7808.0,20.3,12.9,-0.039,-0.018000000000000002,410.2,1.5,41.3,118.9
2011,Ohio,US.OH,OH,40.417287,-82.907123,35.0,137918.0,25.38,5905599.0,63.4,5.2,13.3,2.2,0.8,15.1,12.5,208.6,287.6,22.9,77.4,71.5,51.0,10.1,13.3,53.3,91.9,4.59,7.7,11.9,29.7,26.1,7831.0,22.5,13.7,-0.19,-0.043,417.9,1.5,41.0,121.2
2012,Ohio,US.OH,OH,40.417287,-82.907123,39.0,138483.0,28.16,5901605.0,62.8,5.3,14.2,2.3,0.8,14.6,12.0,207.7,276.7,21.1,75.8,71.5,51.0,10.0,14.0,49.7,92.25,4.78,7.7,16.8,29.6,27.0,8219.0,25.1,13.7,-0.161,-0.14400000000000002,443.4,1.4,34.1,120.9
2013,Ohio,US.OH,OH,40.417287,-82.907123,30.0,138936.0,21.59,5911149.0,62.5,5.6,14.6,2.2,0.9,14.3,11.6,206.9,270.7,21.2,75.8,67.6,51.4,11.7,14.8,50.2,66.8,4.74,7.8,-0.229,30.1,25.2,8068.0,23.3,13.0,-0.255,-0.152,456.4,1.4,31.5,123.8
2014,Ohio,US.OH,OH,40.417287,-82.907123,22.0,139467.0,15.77,5919391.0,62.8,6.0,18.0,2.6,0.8,9.8,10.9,207.7,274.6,16.9,78.2,67.6,52.0,10.4,17.5,49.9,61.7,4.75,7.7,-0.33,30.4,28.5,7928.0,23.4,11.3,-0.249,-0.109,460.3,1.4,29.8,125.0
2015,Ohio,US.OH,OH,40.417287,-82.907123,41.0,139264.0,29.44,5926893.0,62.6,6.4,20.4,2.5,0.8,7.3,10.6,207.6,276.1,22.1,78.2,65.3,51.9,11.7,18.9,49.4,68.1,4.79,7.4,-0.203,32.6,25.0,7991.0,21.0,9.7,-0.226,-0.14,460.2,1.4,27.2,129.7
2016,Ohio,US.OH,OH,40.417287,-82.907123,36.0,138085.0,26.07,5922679.0,63.1,6.7,20.6,2.6,0.8,6.3,10.2,208.6,278.7,20.9,77.9,65.3,52.3,11.0,21.1,51.8,68.3,4.72,7.1,-0.21,29.8,27.0,8063.0,21.6,7.5,-0.251,-0.14,474.1,1.4,25.1,162.0
2017,Ohio,US.OH,OH,40.417287,-82.907123,42.0,136832.0,30.69,5945509.0,62.7,6.5,20.7,2.6,0.8,6.7,9.6,208.7,283.6,21.6,77.9,67.9,52.0,11.1,24.5,50.3,68.0,4.73,7.0,-0.21,31.5,25.9,8492.0,22.5,6.1,-0.266,-0.14400000000000002,489.3,1.4,23.3,167.3
2018,Ohio,US.OH,OH,40.417287,-82.907123,27.0,135134.0,19.98,5958724.0,62.9,6.1,20.5,2.3,0.8,7.5,9.0,210.3,286.5,20.5,85.3,67.9,52.7,11.3,30.4,49.4,66.4,4.67,7.3,0.04,33.8,29.6,8998.0,21.1,5.8,-0.251,-0.172,520.9,1.3,21.7,174.6
2019,Ohio,US.OH,OH,40.417287,-82.907123,47.0,134461.0,34.95,5958538.0,64.4,5.3,19.4,2.4,0.7,7.8,8.5,210.9,291.3,19.5,85.3,67.4,53.4,12.2,37.3,49.4,66.4,4.73,7.3,-0.14,34.0,25.4,9399.0,20.5,6.3,-0.21,-0.191,526.6,1.4,20.8,178.2
2009,Oklahoma,US.OK,OK,35.007752,-97.092877,28.0,54553.0,51.33,1878034.0,56.2,5.6,9.4,2.7,2.6,23.5,10.5,208.4,345.1,21.8,71.3,57.9,48.4,10.1,16.3,48.4,73.6,4.55,8.3,13.0,31.0,31.5,9605.0,24.7,15.9,-0.404,-0.16699999999999998,377.9,1.2,59.6,80.7
2010,Oklahoma,US.OK,OK,35.007752,-97.092877,20.0,53238.0,37.57,1894374.0,55.2,5.8,9.2,2.6,2.2,24.9,10.5,208.5,336.1,20.3,74.5,57.9,49.0,11.0,16.9,46.9,91.3,4.56,7.9,13.4,32.0,31.4,9789.0,25.5,16.1,-0.318,-0.177,377.9,1.2,61.5,80.3
2011,Oklahoma,US.OK,OK,35.007752,-97.092877,20.0,52272.0,38.26,1913759.0,55.2,5.1,9.8,3.1,2.6,24.1,10.2,209.2,330.7,25.0,74.5,57.2,49.6,10.4,18.5,47.3,86.6,4.53,7.5,5.8,31.3,29.9,10042.0,23.7,17.5,-0.475,-0.194,377.9,1.2,61.6,81.7
2012,Oklahoma,US.OK,OK,35.007752,-97.092877,15.0,52751.0,28.44,1924995.0,54.7,5.7,10.0,3.0,2.1,24.5,9.9,209.6,330.5,20.7,69.9,57.2,50.0,11.1,18.8,46.1,91.15,4.73,7.7,7.1,31.1,31.2,10205.0,26.1,17.1,-0.426,-0.293,377.9,1.2,50.4,80.2
2013,Oklahoma,US.OK,OK,35.007752,-97.092877,20.0,53369.0,37.47,1943276.0,55.1,5.8,10.4,2.8,2.4,23.5,9.7,210.7,322.1,27.4,69.9,58.9,50.5,11.5,19.9,48.5,61.0,4.64,7.4,-0.246,32.2,28.3,9838.0,23.3,17.1,-0.415,-0.251,377.9,1.2,47.8,82.7
2014,Oklahoma,US.OK,OK,35.007752,-97.092877,13.0,53339.0,24.37,1957903.0,55.7,8.4,10.4,2.7,2.2,20.5,9.7,214.1,322.0,17.8,73.6,58.9,50.4,11.0,19.8,46.3,62.7,4.57,7.4,-0.07,32.5,33.0,9654.0,23.7,18.0,-0.444,-0.299,444.2,1.2,47.3,84.8
2015,Oklahoma,US.OK,OK,35.007752,-97.092877,14.0,53122.0,26.35,1974214.0,56.5,8.6,10.7,3.0,2.1,19.0,9.5,215.8,322.5,25.0,73.6,56.8,50.4,12.0,20.3,47.6,73.3,4.6,7.2,0.49,33.0,28.3,9799.0,21.1,16.5,-0.41,-0.252,479.1,1.2,42.9,85.2
2016,Oklahoma,US.OK,OK,35.007752,-97.092877,20.0,52592.0,38.03,1979658.0,55.8,9.1,11.1,3.5,2.0,18.5,8.7,215.2,325.9,19.0,74.3,56.8,50.3,11.7,20.9,44.7,75.4,4.62,7.5,0.3,33.9,33.2,9895.0,22.2,14.7,-0.428,-0.264,536.6,1.2,38.5,123.7
2017,Oklahoma,US.OK,OK,35.007752,-97.092877,22.0,50214.0,43.81,1983302.0,57.2,8.1,10.3,3.2,2.3,18.8,8.1,216.9,335.2,21.7,74.3,58.2,49.6,12.0,20.3,44.8,67.0,4.73,7.7,0.28,32.8,28.5,9951.0,19.6,13.9,-0.326,-0.268,542.2,1.2,34.7,127.5
2018,Oklahoma,US.OK,OK,35.007752,-97.092877,17.0,49800.0,34.14,1990033.0,57.2,8.3,10.7,3.0,2.1,18.6,7.9,216.8,338.9,22.9,82.0,58.2,50.0,12.7,20.4,44.0,67.3,4.64,7.4,0.44,36.5,32.4,9992.0,20.1,14.0,-0.4320000000000001,-0.312,548.4,1.2,33.3,129.4
2019,Oklahoma,US.OK,OK,35.007752,-97.092877,14.0,49143.0,28.49,1996313.0,56.6,7.7,9.8,3.0,2.3,20.6,8.2,219.2,347.5,21.7,82.0,60.4,49.2,12.5,20.3,44.6,67.3,4.59,7.6,0.417,34.8,27.2,9945.0,19.7,14.2,-0.4370000000000001,-0.34,553.4,1.2,29.6,131.2
2011,Oregon,US.OR,OR,43.804133,-120.554201,10.0,45155.0,22.15,1955239.0,57.2,8.3,11.6,1.7,1.0,20.2,7.3,191.3,231.4,21.2,73.9,70.4,68.0,7.2,12.8,56.5,90.3,4.46,5.0,7.4,27.6,17.5,6489.0,15.1,16.8,0.316,0.159,300.5,1.3,37.2,126.9
2013,Oregon,US.OR,OR,43.804133,-120.554201,12.0,45155.0,26.58,1985655.0,56.9,7.7,12.4,2.5,1.1,19.4,7.0,191.1,212.2,18.3,72.6,65.3,68.3,9.9,13.3,53.1,66.7,4.71,4.8,-0.417,27.3,16.2,6516.0,17.9,14.6,0.3670000000000001,0.059,356.1,1.3,25.8,129.4
2017,Oregon,US.OR,OR,43.804133,-120.554201,12.0,43631.0,27.5,2089787.0,57.8,9.4,21.5,2.1,0.8,8.3,6.8,190.6,217.6,18.2,76.6,67.9,67.9,9.5,12.3,52.6,58.1,4.51,5.1,0.01,28.7,17.2,6507.0,16.2,6.6,0.246,0.051,410.7,1.2,19.2,143.8
2009,Pennsylvania,US.PA,PA,41.203322,-77.194525,39.0,146434.0,26.63,6497024.0,66.9,6.4,12.9,1.8,0.5,11.4,13.9,203.7,288.7,15.4,77.4,71.0,59.0,8.8,13.4,52.4,80.4,4.62,7.6,17.8,28.4,25.7,7723.0,21.3,9.7,-0.046,0.025,341.6,1.8,31.0,127.7
2010,Pennsylvania,US.PA,PA,41.203322,-77.194525,34.0,143321.0,23.72,6512016.0,65.2,6.6,13.1,1.9,0.5,12.6,13.3,200.5,276.6,14.5,78.6,71.1,59.2,9.0,14.0,53.5,87.78,4.6,7.5,16.8,28.1,25.7,7513.0,20.2,10.6,0.009000000000000001,0.039,339.3,1.7,31.5,127.2
2011,Pennsylvania,US.PA,PA,41.203322,-77.194525,23.0,143178.0,16.06,6528324.0,64.5,6.5,13.7,2.0,0.7,12.6,12.4,199.9,276.7,16.4,78.6,72.3,59.0,10.3,14.6,53.9,92.3,4.7,7.3,7.5,29.2,25.8,7410.0,18.4,11.0,0.099,0.029,341.7,1.7,31.5,127.8
2012,Pennsylvania,US.PA,PA,41.203322,-77.194525,30.0,142514.0,21.05,6533359.0,65.3,6.5,13.4,2.1,0.6,12.1,12.0,200.3,266.9,17.3,77.9,72.3,59.3,9.5,15.1,52.2,91.73,4.76,7.2,9.7,28.6,26.2,7634.0,22.4,10.9,0.075,-0.094,374.1,1.6,27.0,127.0
2013,Pennsylvania,US.PA,PA,41.203322,-77.194525,35.0,140921.0,24.84,6531461.0,64.9,6.8,13.4,2.1,0.6,12.2,11.7,199.3,261.8,19.7,77.9,68.5,59.1,10.2,16.2,52.5,68.3,4.74,6.9,-0.194,29.1,23.4,7408.0,21.4,11.4,0.004,-0.026,416.3,1.6,24.9,129.8
2014,Pennsylvania,US.PA,PA,41.203322,-77.194525,35.0,142268.0,24.6,6533392.0,64.3,8.9,13.5,2.1,0.5,10.6,11.7,200.3,259.7,16.9,77.6,68.5,60.1,10.1,17.4,52.2,75.5,4.81,6.7,-0.23,30.0,26.3,7287.0,21.0,9.7,0.054000000000000006,-0.045,431.6,1.6,23.7,130.3
2015,Pennsylvania,US.PA,PA,41.203322,-77.194525,32.0,141047.0,22.69,6538129.0,64.6,9.2,16.4,2.2,0.5,7.1,11.4,199.6,260.3,19.4,77.6,66.8,60.2,11.2,18.7,53.0,78.6,4.8,6.8,-0.43,30.2,23.3,7204.0,19.9,9.1,0.039,-0.067,407.8,1.6,20.9,135.1
2016,Pennsylvania,US.PA,PA,41.203322,-77.194525,41.0,139409.0,29.41,6523033.0,63.7,9.0,17.9,2.4,0.5,6.4,11.0,199.8,259.3,19.0,79.1,66.8,60.7,10.4,19.8,50.7,72.8,4.74,6.3,-0.603,30.0,27.8,7189.0,18.1,7.5,0.035,-0.052000000000000005,395.6,1.5,19.3,192.9
2017,Pennsylvania,US.PA,PA,41.203322,-77.194525,40.0,137745.0,29.04,6534208.0,64.3,8.1,18.2,2.8,0.6,6.0,10.1,199.6,263.3,17.6,79.1,66.4,60.7,11.3,22.2,51.6,73.7,4.76,6.0,-0.417,30.3,22.9,7541.0,18.0,6.0,0.06,-0.046,418.1,1.5,17.8,199.8
2018,Pennsylvania,US.PA,PA,41.203322,-77.194525,29.0,135673.0,21.37,6532400.0,65.0,7.5,18.5,2.1,0.6,6.3,9.7,200.3,265.7,18.5,86.1,66.4,60.3,10.6,28.1,50.2,70.4,4.96,6.1,-0.073,31.6,24.9,8013.0,18.7,5.6,0.022,-0.036000000000000004,444.7,1.5,15.9,208.7
2019,Pennsylvania,US.PA,PA,41.203322,-77.194525,39.0,134230.0,29.05,6527628.0,64.3,7.1,18.8,2.0,0.9,6.9,9.2,200.2,269.0,16.8,86.1,69.5,60.5,11.3,35.1,47.6,70.4,4.82,6.1,-0.343,30.9,24.0,8186.0,17.0,5.5,0.058,-0.056,440.8,1.4,14.8,216.3
2009,South Carolina,US.SC,SC,33.836081,-81.163725,23.0,60620.0,37.94,2357030.0,56.5,5.9,11.5,2.5,2.4,21.2,12.6,203.5,291.5,19.8,79.4,67.7,45.3,10.1,11.7,51.2,78.8,4.74,8.5,23.4,30.7,27.2,9513.0,20.0,16.1,-0.363,-0.124,599.7,1.4,53.0,105.9
2010,South Carolina,US.SC,SC,33.836081,-81.163725,18.0,58342.0,30.85,2375263.0,55.7,5.2,11.7,2.7,2.6,22.0,11.7,201.4,279.2,17.6,79.0,67.7,46.4,10.3,12.6,49.8,90.5,4.89,8.3,20.0,30.1,26.2,9521.0,20.4,16.4,-0.297,-0.099,587.6,1.4,53.6,104.3
2011,South Carolina,US.SC,SC,33.836081,-81.163725,19.0,57393.0,33.11,2402602.0,54.8,5.6,11.9,3.3,2.8,21.6,11.0,202.3,276.4,25.7,79.0,63.4,46.6,10.7,12.8,51.6,92.0,4.81,7.6,8.0,32.0,27.8,9099.0,21.0,18.7,-0.397,-0.124,584.4,1.3,53.1,104.6
2012,South Carolina,US.SC,SC,33.836081,-81.163725,16.0,57155.0,27.99,2426510.0,55.2,5.2,12.6,3.0,2.4,21.8,10.5,203.0,277.6,26.3,77.3,63.4,47.1,12.1,13.6,47.0,89.03,4.96,7.2,11.3,30.8,27.2,9145.0,23.1,19.7,-0.557,-0.134,573.5,1.3,42.6,106.4
2013,South Carolina,US.SC,SC,33.836081,-81.163725,17.0,56795.0,29.93,2451720.0,55.5,5.4,12.7,2.9,2.6,21.0,10.2,201.8,272.8,22.0,77.2,59.6,47.7,11.6,13.9,46.2,71.8,4.9,7.4,0.913,31.6,25.0,9098.0,22.5,16.6,-0.516,-0.119,625.5,1.3,39.1,105.9
2014,South Carolina,US.SC,SC,33.836081,-81.163725,24.0,57627.0,41.65,2483088.0,54.6,7.4,13.5,3.2,2.7,18.6,9.5,203.5,272.2,18.5,78.5,59.6,48.0,12.5,13.5,49.7,66.5,4.9,7.5,0.77,31.7,26.9,8645.0,22.0,16.3,-0.448,-0.193,580.2,1.3,36.6,107.9
2015,South Carolina,US.SC,SC,33.836081,-81.163725,20.0,58139.0,34.4,2517178.0,56.5,9.0,15.0,3.0,2.4,14.1,9.0,203.2,271.8,22.5,78.5,58.3,47.9,12.0,13.0,48.7,72.6,4.77,7.2,0.647,32.1,25.3,8592.0,21.5,14.7,-0.397,-0.158,541.8,1.2,31.6,108.8
2016,South Carolina,US.SC,SC,33.836081,-81.163725,28.0,57342.0,48.83,2553185.0,57.4,9.7,14.8,3.0,2.4,12.8,7.9,202.7,274.1,18.8,79.0,58.3,48.0,11.8,13.4,50.8,68.2,4.67,6.7,0.873,31.7,26.7,8796.0,19.7,12.3,-0.345,-0.187,588.2,1.2,28.5,124.3
2017,South Carolina,US.SC,SC,33.836081,-81.163725,24.0,57029.0,42.08,2586682.0,56.8,9.1,14.1,3.1,2.3,14.6,7.8,201.3,277.0,22.6,79.0,60.0,48.2,13.0,14.5,50.2,69.7,4.74,6.7,0.7929999999999999,32.3,26.9,9131.0,20.0,10.5,-0.424,-0.187,569.9,1.2,26.2,127.0
2018,South Carolina,US.SC,SC,33.836081,-81.163725,16.0,56669.0,28.23,2620801.0,57.2,8.8,14.7,2.8,2.7,13.8,7.4,202.0,277.7,23.0,87.5,60.0,48.3,13.4,16.1,49.8,66.0,4.77,7.0,0.79,34.1,28.4,9232.0,18.8,10.5,-0.379,-0.188,575.5,1.2,23.7,128.9
2019,South Carolina,US.SC,SC,33.836081,-81.163725,24.0,57038.0,42.08,2655575.0,58.3,8.6,13.9,3.2,2.4,13.6,7.4,201.7,278.5,22.6,87.5,61.8,47.8,13.3,18.0,48.4,66.0,4.74,6.7,0.887,34.3,26.7,9255.0,18.0,10.8,-0.411,-0.184,641.6,1.2,21.6,131.3
2009,Tennessee,US.TN,TN,35.517491,-86.58044699999998,10.0,82211.0,12.16,3231769.0,57.0,6.3,14.4,2.6,1.8,17.9,13.0,215.3,326.4,21.6,79.6,66.8,48.7,10.3,15.4,46.4,83.1,4.61,8.5,18.0,31.2,28.9,9638.0,23.1,14.7,-0.29,-0.179,436.4,1.4,54.7,122.0
2012,Tennessee,US.TN,TN,35.517491,-86.58044699999998,40.0,80371.0,49.77,3307480.0,56.4,6.2,15.0,2.9,1.9,17.7,10.4,214.5,309.3,22.5,79.0,66.3,48.4,11.2,15.7,46.3,89.48,4.86,8.0,9.1,29.2,35.1,9513.0,23.0,13.9,-0.263,-0.226,446.4,1.3,43.2,120.4
2013,Tennessee,US.TN,TN,35.517491,-86.58044699999998,28.0,79992.0,35.0,3328884.0,55.9,6.7,14.8,2.9,2.2,17.5,10.1,213.3,300.8,26.3,79.0,61.4,48.9,11.9,16.4,44.5,73.1,4.78,7.7,-0.201,31.1,28.6,9440.0,24.9,13.6,-0.349,-0.23,490.1,1.2,40.8,122.4
2014,Tennessee,US.TN,TN,35.517491,-86.58044699999998,24.0,81602.0,29.41,3357172.0,54.9,8.5,16.4,2.8,2.1,15.3,9.5,213.5,300.6,26.7,81.1,61.4,49.5,12.2,17.2,46.0,68.5,4.75,7.3,0.01,33.7,37.2,9168.0,24.3,13.9,-0.429,-0.285,507.9,1.2,38.5,124.4
2015,Tennessee,US.TN,TN,35.517491,-86.58044699999998,29.0,81685.0,35.5,3382838.0,56.7,9.0,16.4,3.1,2.0,12.7,9.1,213.7,299.0,26.2,81.1,58.3,50.0,13.0,17.6,44.7,71.9,4.89,7.0,-0.223,31.2,26.8,9088.0,24.2,12.9,-0.319,-0.267,470.4,1.2,34.7,126.4
2016,Tennessee,US.TN,TN,35.517491,-86.58044699999998,25.0,80807.0,30.94,3408679.0,56.9,9.1,18.0,2.6,2.0,11.4,8.6,215.6,302.7,22.0,80.2,58.3,49.6,12.7,18.3,45.2,70.1,4.69,6.9,-0.17,33.8,30.4,9369.0,21.9,11.2,-0.365,-0.262,474.0,1.2,33.0,135.1
2017,Tennessee,US.TN,TN,35.517491,-86.58044699999998,39.0,81016.0,48.14,3440018.0,58.2,8.3,17.4,2.8,2.0,11.4,8.2,216.5,308.0,21.9,80.2,59.1,49.2,12.7,19.9,46.7,67.4,4.65,6.9,-0.38,34.8,28.4,9467.0,22.1,9.7,-0.381,-0.257,477.5,1.1,30.6,138.5
2018,Tennessee,US.TN,TN,35.517491,-86.58044699999998,27.0,80751.0,33.44,3467086.0,57.3,7.9,17.0,2.8,2.1,12.8,7.7,217.7,310.4,22.6,89.0,59.1,49.4,13.1,22.0,44.8,79.3,4.71,7.2,-0.177,32.8,30.6,9756.0,22.6,9.3,-0.28600000000000003,-0.281,489.4,1.1,28.0,140.2
2019,Tennessee,US.TN,TN,35.517491,-86.58044699999998,30.0,80450.0,37.29,3496935.0,58.8,7.7,16.4,2.6,1.9,12.5,7.4,217.2,313.6,22.3,89.0,58.3,49.5,13.8,24.3,43.9,79.3,4.75,7.4,-0.277,34.4,30.9,9931.0,20.7,9.8,-0.303,-0.338,522.4,1.2,26.6,139.1
2009,Texas,US.TX,TX,31.968599,-99.901813,127.0,401977.0,31.59,12500150.0,54.4,5.3,7.8,1.7,1.8,29.0,11.0,183.7,281.4,23.1,70.7,62.6,45.6,9.7,9.2,46.3,78.6,4.83,6.3,22.9,28.9,28.5,7485.0,18.5,25.1,-0.359,0.049,358.9,1.4,63.1,95.0
2010,Texas,US.TX,TX,31.968599,-99.901813,101.0,386118.0,26.16,12673281.0,53.4,5.0,8.3,1.5,1.8,29.9,10.7,182.8,272.2,25.6,71.9,62.6,45.8,9.3,9.2,48.5,88.75,4.87,6.2,20.4,29.5,27.3,7540.0,17.9,25.6,-0.416,0.049,414.6,1.2,64.2,95.4
2011,Texas,US.TX,TX,31.968599,-99.901813,131.0,377445.0,34.71,12932239.0,53.1,5.1,8.8,1.7,1.9,29.4,10.4,182.4,267.8,26.5,71.9,61.7,46.3,9.7,9.3,48.1,89.0,4.8,6.1,18.4,31.7,26.6,7492.0,15.8,25.0,-0.539,0.032,427.4,1.2,63.4,95.6
2012,Texas,US.TX,TX,31.968599,-99.901813,159.0,382727.0,41.54,13111469.0,53.4,5.3,8.9,1.6,1.8,29.1,10.3,182.4,265.3,25.5,68.4,61.7,47.6,10.2,9.5,44.3,90.13,4.92,6.1,19.1,30.4,27.2,7646.0,19.2,24.2,-0.273,0.002,476.7,1.2,52.2,95.0
2013,Texas,US.TX,TX,31.968599,-99.901813,168.0,387340.0,43.37,13301191.0,53.4,5.6,9.0,1.7,1.8,28.5,10.2,181.0,256.7,24.5,68.4,58.8,48.5,10.6,10.0,45.3,64.8,4.89,5.9,0.112,29.2,27.2,7366.0,18.2,24.2,-0.247,-0.003,496.6,1.3,46.9,95.3
2014,Texas,US.TX,TX,31.968599,-99.901813,147.0,399766.0,36.77,13574572.0,54.8,7.8,9.2,1.7,1.8,24.6,10.2,182.5,255.3,24.2,74.8,58.8,49.3,10.9,9.9,42.1,72.5,4.94,5.8,0.11,30.9,30.1,7050.0,15.9,22.3,-0.172,0.063,494.8,1.2,44.4,98.8
2015,Texas,US.TX,TX,31.968599,-99.901813,157.0,403618.0,38.9,13831324.0,56.5,9.0,9.0,1.8,1.7,22.0,9.9,182.3,253.5,23.8,74.8,58.2,50.5,11.0,9.8,44.4,64.0,5.01,5.8,0.503,31.9,27.6,7084.0,14.5,20.6,-0.235,0.044,498.3,1.2,41.0,99.4
2016,Texas,US.TX,TX,31.968599,-99.901813,153.0,398047.0,38.44,14031164.0,56.6,9.2,8.7,1.7,1.9,21.9,9.4,182.2,256.9,21.4,72.6,58.2,51.9,11.4,9.6,43.2,71.2,4.81,5.8,0.29,32.4,29.5,7183.0,15.2,18.1,-0.224,0.016,496.1,1.2,37.8,110.3
2017,Texas,US.TX,TX,31.968599,-99.901813,147.0,382050.0,38.48,14242803.0,56.9,8.2,9.1,1.7,1.7,22.4,8.9,180.9,261.1,19.2,72.6,59.4,52.3,11.2,9.7,43.2,69.5,4.83,5.8,0.277,33.6,25.2,7175.0,14.3,16.9,-0.214,0.027000000000000003,523.6,1.2,34.4,112.9
2018,Texas,US.TX,TX,31.968599,-99.901813,94.0,378624.0,24.83,14441739.0,56.8,8.0,8.8,1.6,1.8,22.9,8.6,180.5,264.2,22.4,84.6,59.4,52.7,11.9,10.0,42.4,67.8,4.85,5.7,0.237,33.0,32.1,7199.0,15.7,17.0,-0.292,0.006,520.4,1.2,30.7,113.2
2019,Texas,US.TX,TX,31.968599,-99.901813,89.0,377599.0,23.57,14593179.0,57.4,7.6,8.3,1.8,1.7,23.2,8.3,180.3,267.7,21.1,84.6,60.7,52.9,12.6,10.3,44.9,67.8,4.86,5.8,0.13,34.8,25.6,7240.0,14.4,17.5,-0.26,0.016,535.4,1.2,27.5,113.5
2013,Utah,US.UT,UT,39.32098,-111.093731,16.0,50957.0,31.4,1441891.0,64.1,8.4,7.7,1.5,1.3,17.0,9.3,142.3,208.0,13.7,66.3,68.4,65.8,7.2,18.6,57.1,73.0,3.93,5.2,-0.028,24.3,16.5,6231.0,10.6,14.5,0.43,0.265,256.4,1.7,23.1,88.5
2014,Utah,US.UT,UT,39.32098,-111.093731,12.0,51154.0,23.46,1463152.0,65.0,10.1,7.2,1.2,1.3,15.2,10.1,145.7,212.2,9.2,68.3,68.4,65.8,7.1,20.1,58.4,75.2,3.91,5.2,-0.35,24.1,20.6,6143.0,10.3,14.2,0.468,0.261,270.3,1.8,23.3,90.8
2015,Utah,US.UT,UT,39.32098,-111.093731,13.0,50778.0,25.6,1488819.0,65.0,12.0,7.4,1.2,1.2,13.2,8.9,146.1,218.8,12.0,68.3,68.9,65.2,7.1,21.9,58.1,70.8,3.81,5.0,-0.197,25.7,16.8,6157.0,9.7,13.3,0.397,0.255,263.9,1.9,20.6,90.5
2017,Utah,US.UT,UT,39.32098,-111.093731,10.0,48585.0,20.58,1540145.0,67.9,11.2,7.9,1.4,1.1,10.5,8.1,150.5,231.8,9.0,68.3,72.9,61.7,7.2,22.9,59.7,72.2,3.75,5.0,-0.13,25.3,15.7,6399.0,8.8,9.7,0.491,0.243,293.3,1.9,17.9,99.8
2019,Utah,US.UT,UT,39.32098,-111.093731,14.0,46826.0,29.9,1591041.0,68.3,10.8,6.7,0.8,1.4,11.9,8.4,149.8,238.7,9.5,80.0,72.0,62.1,8.4,23.0,55.6,67.9,3.7,5.6,-0.25,27.7,17.5,6391.0,9.0,9.3,0.476,0.152,326.7,1.8,15.1,102.0
2009,Virginia,US.VA,VA,37.431573,-78.656894,11.0,105059.0,10.47,4037895.0,66.0,6.4,6.6,2.2,4.6,14.1,12.1,197.1,272.3,14.8,79.6,75.1,58.1,7.9,8.1,58.2,73.2,4.62,7.4,14.8,25.8,23.6,7000.0,16.4,13.6,0.225,0.057,318.7,1.5,35.2,125.0
2011,Virginia,US.VA,VA,37.431573,-78.656894,18.0,102652.0,17.53,4120439.0,64.4,6.4,6.6,2.3,4.8,15.5,10.4,194.1,256.9,12.3,80.7,78.4,59.1,8.7,8.7,58.4,90.28,4.73,7.0,7.0,26.4,23.3,6897.0,18.5,13.4,0.306,0.037000000000000005,392.0,1.5,33.5,126.8
2012,Virginia,US.VA,VA,37.431573,-78.656894,14.0,103013.0,13.59,4164342.0,64.2,6.4,7.0,2.2,4.7,15.6,9.7,192.0,248.1,14.7,79.2,78.4,59.4,10.4,8.0,52.3,88.88,4.78,7.0,8.2,29.2,25.1,7124.0,20.9,13.7,0.255,0.006999999999999999,384.9,1.4,27.4,125.3
2013,Virginia,US.VA,VA,37.431573,-78.656894,15.0,102147.0,14.68,4198203.0,62.9,6.5,7.2,2.5,5.0,15.9,9.3,190.4,241.8,13.5,79.2,70.4,59.9,10.6,8.3,52.0,69.8,4.84,6.8,-0.14,27.4,22.5,6816.0,19.0,12.9,0.244,0.015,453.9,1.4,24.5,124.4
2014,Virginia,US.VA,VA,37.431573,-78.656894,18.0,103300.0,17.42,4231045.0,63.7,8.4,7.0,2.2,5.1,13.6,8.7,189.5,241.1,14.5,80.1,70.4,61.9,9.8,8.4,52.7,69.2,4.8,6.6,-0.29,27.2,25.5,6502.0,19.0,12.4,0.241,0.058,431.8,1.4,22.9,125.8
2015,Virginia,US.VA,VA,37.431573,-78.656894,31.0,103303.0,30.01,4258228.0,63.0,9.5,8.2,2.3,5.1,11.8,8.3,189.2,239.1,11.3,80.1,69.3,62.8,9.7,9.5,53.0,73.7,4.88,6.3,-0.43,28.5,23.5,6435.0,19.5,11.6,0.228,0.066,407.0,1.3,20.1,127.2
2016,Virginia,US.VA,VA,37.431573,-78.656894,47.0,102460.0,45.87,4274994.0,64.4,9.5,8.0,2.3,5.0,10.8,7.8,189.2,239.0,13.6,81.1,69.3,63.6,10.3,10.1,53.7,64.4,4.79,6.0,-0.34,29.2,25.1,6508.0,16.5,10.0,0.209,0.055,436.4,1.3,18.4,138.1
2017,Virginia,US.VA,VA,37.431573,-78.656894,40.0,100391.0,39.84,4303293.0,63.8,9.2,8.1,2.5,5.2,11.3,7.5,190.1,239.1,13.0,81.1,70.5,63.6,10.4,11.3,52.7,65.9,4.79,5.8,-0.443,29.0,23.3,6696.0,15.3,8.9,0.241,0.062,424.5,1.3,17.1,141.8
2018,Virginia,US.VA,VA,37.431573,-78.656894,23.0,99843.0,23.04,4327037.0,65.2,8.3,8.5,2.5,5.0,10.5,7.2,190.7,239.6,14.3,87.0,70.5,62.5,10.5,13.4,52.5,77.1,4.73,5.9,-0.317,30.0,25.9,6877.0,16.4,8.8,0.28600000000000003,0.019,473.2,1.3,15.5,144.6
2019,Virginia,US.VA,VA,37.431573,-78.656894,32.0,97429.0,32.84,4335262.0,65.7,7.0,10.7,2.4,4.9,9.4,6.9,190.1,242.6,13.7,87.0,71.7,62.6,10.5,15.4,52.5,77.1,4.87,5.9,-0.303,30.3,22.0,6914.0,14.9,8.8,0.293,0.055,500.3,1.3,15.0,148.1
2009,Washington,US.WA,WA,47.751074,-120.740139,12.0,89313.0,13.44,3343920.0,61.4,7.9,11.1,1.5,2.2,15.9,9.1,187.3,248.1,13.2,73.2,73.3,68.4,6.9,13.9,57.0,77.7,4.16,4.8,12.1,26.0,19.3,6062.0,15.7,11.8,0.328,0.207,290.4,1.7,33.4,125.0
2010,Washington,US.WA,WA,47.751074,-120.740139,11.0,86539.0,12.71,3374833.0,60.6,7.6,10.7,1.4,2.5,17.2,9.4,187.0,241.7,18.0,72.8,73.3,68.6,7.7,14.5,56.1,88.63,4.29,5.1,11.1,26.9,19.5,6080.0,14.9,12.6,0.342,0.202,326.8,1.8,34.8,124.6
2011,Washington,US.WA,WA,47.751074,-120.740139,14.0,86976.0,16.1,3420356.0,59.7,7.9,10.0,1.6,2.8,17.9,9.6,189.5,239.4,16.1,72.8,72.1,69.7,7.6,14.7,55.8,88.63,4.36,5.2,9.1,26.2,18.3,6163.0,15.2,13.2,0.25,0.193,320.9,1.8,34.6,124.6
2012,Washington,US.WA,WA,47.751074,-120.740139,17.0,87463.0,19.44,3455462.0,60.1,7.8,10.4,1.7,2.6,17.4,9.3,188.6,227.0,18.9,70.7,72.1,71.2,8.9,14.4,53.5,87.73,4.43,4.7,10.3,26.5,22.0,6327.0,17.5,14.2,0.399,0.078,317.5,1.9,26.7,124.6
2013,Washington,US.WA,WA,47.751074,-120.740139,20.0,86577.0,23.1,3488736.0,59.9,7.8,9.8,1.9,2.6,18.1,8.5,186.4,217.6,14.8,70.7,67.6,71.2,8.8,14.1,52.7,65.2,4.48,4.5,-0.08199999999999999,26.8,18.9,6062.0,17.2,14.0,0.28300000000000003,0.12,346.2,2.0,25.4,123.4
2014,Washington,US.WA,WA,47.751074,-120.740139,20.0,88585.0,22.58,3531595.0,59.9,8.8,15.3,2.0,2.9,11.1,8.1,184.7,214.8,15.9,74.5,67.6,71.3,8.6,14.0,53.7,70.8,4.63,4.9,0.19,27.2,20.0,5912.0,16.1,13.9,0.33,0.069,360.1,1.9,23.4,126.7
2015,Washington,US.WA,WA,47.751074,-120.740139,11.0,88990.0,12.36,3585353.0,60.2,9.9,18.2,1.9,2.4,7.5,8.0,182.8,212.9,16.8,74.5,66.9,71.0,8.9,14.1,53.5,67.4,4.51,4.8,-0.597,27.3,18.1,5835.0,15.3,11.6,0.35700000000000004,0.155,361.8,1.8,20.5,128.2
2016,Washington,US.WA,WA,47.751074,-120.740139,12.0,90505.0,13.26,3646600.0,61.7,8.6,18.4,1.7,2.7,6.9,8.3,182.0,213.3,17.4,74.5,66.9,72.8,8.4,13.8,55.6,77.1,4.43,4.5,-0.63,26.4,19.0,5973.0,15.0,7.9,0.4270000000000001,0.156,381.2,1.8,19.1,141.4
2017,Washington,US.WA,WA,47.751074,-120.740139,24.0,87562.0,27.41,3702270.0,62.3,8.2,17.8,1.9,2.3,7.5,7.8,183.3,215.7,15.1,74.5,68.2,71.6,9.4,14.2,53.6,75.7,4.37,4.7,0.3,28.6,17.6,6096.0,13.9,6.3,0.39,0.13,406.4,1.8,17.6,144.0
2018,Washington,US.WA,WA,47.751074,-120.740139,21.0,86085.0,24.39,3765680.0,63.0,7.4,17.8,1.5,2.2,8.0,8.0,184.3,217.6,13.7,85.6,68.2,70.9,9.1,14.6,51.3,69.9,4.4,4.6,-0.363,27.7,19.2,5942.0,13.5,6.1,0.453,0.13,435.9,1.9,16.6,146.5
2019,Washington,US.WA,WA,47.751074,-120.740139,31.0,84895.0,36.52,3802910.0,64.0,7.0,16.9,1.7,2.2,8.2,8.0,184.7,222.4,12.5,85.6,69.2,70.6,9.9,15.2,53.2,69.9,4.38,4.1,-0.303,28.7,17.6,6094.0,12.0,6.3,0.425,0.114,435.2,1.8,14.7,150.0
2018,West Virginia,US.WV,WV,38.597626,-80.454903,10.0,18248.0,54.8,911492.0,56.0,4.6,26.6,3.7,1.1,8.0,7.8,227.4,299.6,24.0,86.6,57.6,47.9,15.2,41.4,40.1,74.7,5.17,7.2,-1.017,38.1,31.6,11136.0,26.0,5.7,-0.285,-0.318,261.4,1.2,29.4,168.5
2009,Wisconsin,US.WI,WI,43.78444,-88.787868,13.0,70843.0,18.35,2856103.0,68.0,5.5,14.3,1.5,0.5,10.1,11.3,192.7,258.3,13.1,76.5,73.2,51.8,7.2,10.4,57.1,83.6,3.94,6.4,5.8,26.1,22.0,6268.0,19.9,8.9,0.377,0.159,349.1,2.0,30.9,120.0
2010,Wisconsin,US.WI,WI,43.78444,-88.787868,12.0,68487.0,17.52,2864586.0,66.1,5.7,15.8,1.2,0.8,10.5,11.1,192.5,250.5,15.5,76.8,73.3,52.6,8.2,10.8,58.5,93.53,4.17,6.7,5.0,29.2,22.0,6479.0,18.8,9.6,0.297,0.157,373.1,1.9,32.2,120.6
2011,Wisconsin,US.WI,WI,43.78444,-88.787868,15.0,67810.0,22.12,2875675.0,65.7,5.8,15.7,1.5,0.7,10.6,10.5,189.4,246.5,12.7,76.8,75.1,52.8,7.1,11.0,59.9,91.35,4.21,6.5,4.8,26.9,22.8,6295.0,19.1,9.2,0.307,0.16899999999999998,369.7,1.9,31.3,121.0
2013,Wisconsin,US.WI,WI,43.78444,-88.787868,12.0,66649.0,18.0,2890553.0,65.1,6.8,15.0,1.8,0.8,10.6,9.6,191.2,233.5,15.9,75.5,72.0,53.8,8.3,11.4,57.0,75.2,4.32,6.1,0.461,29.7,20.3,6332.0,20.4,10.0,0.141,0.171,432.9,1.9,23.2,121.8
2014,Wisconsin,US.WI,WI,43.78444,-88.787868,16.0,67161.0,23.82,2898057.0,65.8,8.2,15.0,1.7,0.8,8.6,9.3,193.2,236.8,15.9,76.6,72.0,54.8,8.2,11.8,53.0,72.8,4.36,6.0,0.48,29.8,23.8,6207.0,18.7,9.0,0.165,0.067,415.4,2.0,21.9,125.0
2015,Wisconsin,US.WI,WI,43.78444,-88.787868,11.0,67041.0,16.41,2903737.0,67.5,8.9,15.0,1.6,0.7,6.4,9.1,193.3,237.2,16.2,76.6,70.1,56.0,9.0,13.1,54.1,70.9,4.3,6.0,0.207,31.2,21.2,6365.0,17.4,8.2,0.146,0.046,411.6,1.9,19.6,125.3
2016,Wisconsin,US.WI,WI,43.78444,-88.787868,15.0,66615.0,22.52,2905282.0,66.9,9.1,15.2,1.7,0.9,6.2,7.9,191.6,236.8,18.3,77.5,70.1,55.3,8.4,14.0,54.3,68.8,4.16,6.0,0.337,30.7,21.6,6324.0,17.3,6.5,0.114,0.106,403.2,1.9,18.0,140.3
2017,Wisconsin,US.WI,WI,43.78444,-88.787868,12.0,64975.0,18.47,2912745.0,67.8,8.9,15.1,1.5,0.7,6.0,7.4,191.7,238.1,16.3,77.5,72.6,55.9,9.8,15.1,54.1,79.4,4.26,5.7,0.17,30.7,20.0,6437.0,17.1,5.5,0.201,0.07200000000000001,423.5,1.9,16.2,145.2
2019,Wisconsin,US.WI,WI,43.78444,-88.787868,13.0,63270.0,20.55,2925225.0,69.1,7.6,14.5,1.3,0.8,6.7,6.8,190.4,242.6,14.0,85.0,71.2,57.1,8.7,18.3,52.6,69.2,4.2,6.4,0.37,32.0,21.8,6800.0,16.4,5.5,0.129,0.07400000000000001,478.6,2.0,13.8,152.4
